2016-08;straight;abutment;healing;33
2016-08;cheap;tips;find;30
2016-08;tips;find;cheap;30
2016-08;cheap;cheap;dentalimplants;26
2016-08;find;cheap;cheap;26
2016-08;affordable;insurance;affordable;20
2016-08;affordable;affordable;insurance;20
2016-08;cheap;dentalimplants;cheap;19
2016-08;dentalimplants;cheap;tips;19
2016-08;insurance;affordable;without;18
2016-09;disease;teeth;model;45
2016-09;teeth;model;restoration;45
2016-09;restoration;bridge;tooth;45
2016-09;model;restoration;bridge;45
2016-09;speed;contra;angle;41
2016-09;smile;makeover;enter;40
2016-09;reduction;speed;contra;35
2016-09;bridge;tooth;idea;34
2016-09;contra;angle;handpiece;33
2016-09;ebay;disease;teeth;32
2016-10;contra;angle;handpiece;67
2016-10;speed;contra;angle;63
2016-10;reduction;speed;contra;58
2016-10;benefits;produced;right;50
2016-10;produced;right;check;46
2016-10;check;benefits;produced;38
2016-10;right;check;benefits;38
2016-10;multi;unit;abutment;24
2016-10;reduction;contra;angle;23
2016-10;handpiece;reduction;speed;21
2016-11;affordable;driving;instructor;86
2016-11;driving;instructor;insurance;86
2016-11;contra;angle;handpiece;83
2016-11;insurance;affordable;driving;78
2016-11;instructor;insurance;affordable;78
2016-11;speed;contra;angle;71
2016-11;reduction;speed;contra;58
2016-11;contra;angle;push;28
2016-11;angle;push;button;27
2016-11;push;button;handpiece;27
2016-12;money;costa;rica;413
2016-12;save;money;costa;413
2016-12;rica;save;money;407
2016-12;costa;rica;save;407
2016-12;contra;angle;handpiece;69
2016-12;speed;contra;angle;53
2016-12;reduction;speed;contra;42
2016-12;reduction;contra;angle;32
2016-12;contra;angle;speed;24
2016-12;angle;speed;handpiece;23
2017-01;contra;angle;handpiece;87
2017-01;speed;contra;angle;72
2017-01;reduction;speed;contra;58
2017-01;reduction;contra;angle;52
2017-01;contra;angle;speed;25
2017-01;handpiece;reduction;speed;22
2017-01;angle;speed;handpiece;20
2017-01;contra;angle;push;18
2017-01;angle;push;button;17
2017-01;system;surgical;brushless;15
2017-02;contra;angle;handpiece;71
2017-02;dublin;best;prices;36
2017-02;best;prices;call;36
2017-02;speed;contra;angle;36
2017-02;call;dublin;best;34
2017-02;prices;call;dublin;34
2017-02;reduction;speed;contra;34
2017-02;free;seminar;springfield;25
2017-02;springfield;insurance;california;25
2017-02;seminar;springfield;insurance;25
2017-03;dublin;best;prices;32
2017-03;best;prices;call;32
2017-03;call;dublin;best;31
2017-03;prices;call;dublin;31
2017-03;check;broken;screw;25
2017-03;insurance;insurance;insurance;14
2017-03;seek;affordable;plan;11
2017-03;plans;cover;insurance;11
2017-03;check;fractured;screw;11
2017-03;insurance;knoxville;insurance;11
2017-04;mill;bone;instruments;9
2017-04;check;bone;crusher;9
2017-04;bone;mill;bone;9
2017-04;crusher;bone;mill;9
2017-04;bone;crusher;bone;9
2017-04;check;fractured;screw;9
2017-04;check;bone;expander;8
2017-04;expander;sinus;lift;8
2017-04;instruments;check;bone;8
2017-04;bone;instruments;check;8
2017-05;dentistry;restoration;surgery;46
2017-05;restoration;surgery;tools;46
2017-05;tools;abutment;analog;27
2017-05;surgery;tools;abutment;27
2017-05;analog;dentistry;restoration;14
2017-05;abutment;analog;dentistry;14
2017-05;analog;abutment;analog;13
2017-05;abutment;analog;abutment;13
2017-05;tools;dentistry;restoration;11
2017-05;surgery;tools;dentistry;10
2017-06;dentistry;restoration;surgery;58
2017-06;restoration;surgery;tools;58
2017-06;abutment;analog;dentistry;22
2017-06;analog;dentistry;restoration;22
2017-06;tools;abutment;analog;21
2017-06;surgery;tools;abutment;21
2017-06;surgery;tools;dentistry;13
2017-06;tools;dentistry;restoration;13
2017-06;analog;abutment;analog;12
2017-06;abutment;analog;abutment;12
2017-07;dentistry;restoration;surgery;59
2017-07;restoration;surgery;tools;59
2017-07;tools;abutment;analog;27
2017-07;surgery;tools;abutment;27
2017-07;analog;dentistry;restoration;21
2017-07;abutment;analog;dentistry;21
2017-07;analog;abutment;analog;17
2017-07;abutment;analog;abutment;17
2017-07;tools;dentistry;restoration;14
2017-07;surgery;tools;dentistry;13
2017-08;dentistry;restoration;surgery;55
2017-08;restoration;surgery;tools;55
2017-08;tools;abutment;analog;29
2017-08;surgery;tools;abutment;29
2017-08;abutment;analog;dentistry;27
2017-08;analog;dentistry;restoration;27
2017-08;analog;abutment;analog;10
2017-08;abutment;analog;abutment;10
2017-08;surgery;tools;dentistry;7
2017-08;tools;dentistry;restoration;7
2017-09;dentistry;restoration;surgery;59
2017-09;restoration;surgery;tools;59
2017-09;surgery;tools;abutment;32
2017-09;tools;abutment;analog;32
2017-09;analog;dentistry;restoration;17
2017-09;abutment;analog;dentistry;17
2017-09;surgical;brushless;drill;15
2017-09;machine;surgical;brushless;14
2017-09;drill;motorreduction;handpiece;14
2017-09;brushless;drill;motorreduction;14
2017-10;robot;successfully;completes;38
2017-10;successfully;completes;human;38
2017-10;completes;human;futurist;36
2017-10;dentistry;restoration;surgery;28
2017-10;restoration;surgery;tools;28
2017-10;insurance;cover;signsyoureabadpresident;23
2017-10;signsyoureabadpresident;insurance;cover;22
2017-10;cover;signsyoureabadpresident;insurance;22
2017-10;contra;angle;handpiece;14
2017-10;endo;surgical;brushless;12
2017-11;surgical;straight;handpiece;153
2017-11;straight;handpiece;nose;152
2017-11;cone;external;nozzle;68
2017-11;handpiece;nose;cone;68
2017-11;nose;cone;external;68
2017-11;external;internal;pipe;67
2017-11;internal;pipe;surgical;67
2017-11;pipe;surgical;straight;67
2017-11;handpiece;nose;external;64
2017-11;nose;external;internal;64
2017-12;brushless;motor;azdent;22
2017-12;surgical;brushless;motor;21
2017-12;screen;brushless;motor;20
2017-12;system;screen;brushless;20
2017-12;motor;azdent;handpiece;17
2017-12;endo;surgical;brushless;17
2017-12;system;endo;surgical;17
2017-12;usps;system;endo;17
2017-12;brushless;motor;surgical;15
2017-12;handpiece;usps;system;15
2018-01;surgery;abutment;crown;16
2018-01;includes;surgery;abutment;11
2018-01;straight;handpiece;nose;8
2018-01;cone;external;nozzle;8
2018-01;nose;cone;external;8
2018-01;surgical;straight;handpiece;8
2018-01;handpiece;nose;cone;8
2018-01;clinics;offering;starts;7
2018-01;crown;limited;time;7
2018-01;smile;clinics;offering;7
2018-02;abutment;crown;included;19
2018-02;surgery;abutment;crown;19
2018-02;ends;march;surgery;18
2018-02;march;surgery;abutment;18
2018-02;offer;ends;march;18
2018-02;crown;included;offer;12
2018-02;included;offer;ends;12
2018-02;zimmer;abutments;five;6
2018-02;sydney;announces;offer;5
2018-02;tooth;sydney;announces;5
2018-03;reviews;californiadentist;campbelldentalimplants;10
2018-03;campbell;reviews;californiadentist;10
2018-03;campbelldentalimplants;campbell;reviews;9
2018-03;californiadentist;campbelldentalimplants;campbell;9
2018-03;sydney;announces;offer;3
2018-03;tooth;sydney;announces;3
2018-03;surgery;abutment;crown;3
2018-03;abutment;crown;included;3
2018-03;announces;offer;high;3
2018-03;offer;high;quality;3
2018-04;denver;find;denverdentalimplants;10
2018-04;cost;denver;find;10
2018-04;find;denverdentalimplants;costofimplants;10
2018-04;much;cost;denver;10
2018-04;denverdentalimplants;costofimplants;much;9
2018-04;costofimplants;much;cost;9
2018-04;mini;drill;empty;2
2018-04;universal;mini;drill;2
2018-04;dentsply;sirona;detroit;2
2018-04;great;lakes;region;2
2018-05;includes;surgery;placement;3
2018-05;pearland;pasadena;free;3
2018-05;fees;includes;surgery;3
2018-05;pasadena;free;consultation;3
2018-05;surgery;placement;abutment;3
2018-05;abutment;crown;call;3
2018-05;placement;abutment;crown;3
2018-05;call;pearland;pasadena;3
2018-05;crown;call;pearland;3
2018-05;consultation;fees;includes;2
2018-07;cost;surprise;sponsored;37
2018-07;idea;cost;surprise;37
2018-07;surprise;sponsored;listings;37
2018-07;sponsored;listings;idea;33
2018-07;listings;idea;cost;33
2018-07;ball;attachment;internal;4
2018-07;silicon;ball;attachment;4
2018-07;attachment;internal;abutment;4
2018-07;soft;silicon;ball;2
2018-07;hard;silicon;ball;2
2018-08;surprise;sponsored;listings;52
2018-08;cost;surprise;sponsored;52
2018-08;idea;cost;surprise;52
2018-08;sponsored;listings;idea;40
2018-08;listings;idea;cost;40
2018-08;much;cost;surprise;7
2018-08;guess;much;cost;7
2018-08;cost;surprise;idea;6
2018-08;surprise;idea;cost;6
2018-08;listings;guess;much;4
2018-09;surprise;sponsored;listings;90
2018-09;cost;surprise;sponsored;90
2018-09;idea;cost;surprise;90
2018-09;sponsored;listings;idea;68
2018-09;listings;idea;cost;68
2018-09;much;cost;surprise;10
2018-09;guess;much;cost;10
2018-09;listings;guess;much;9
2018-09;sponsored;listings;guess;9
2018-09;cost;surprise;idea;6
2018-10;surprise;sponsored;listings;110
2018-10;cost;surprise;sponsored;110
2018-10;idea;cost;surprise;110
2018-10;sponsored;listings;idea;91
2018-10;listings;idea;cost;91
2018-10;much;cost;surprise;4
2018-10;cost;surprise;idea;4
2018-10;surprise;idea;cost;4
2018-10;listings;guess;much;4
2018-10;guess;much;cost;4
2018-11;idea;cost;surprise;50
2018-11;surprise;sponsored;listings;50
2018-11;cost;surprise;sponsored;50
2018-11;sponsored;listings;idea;38
2018-11;listings;idea;cost;38
2018-11;financing;insurance;clinics;25
2018-11;covered;insurance;find;25
2018-11;paying;financing;insurance;25
2018-11;insurance;find;information;25
2018-11;information;paying;financing;25
2018-12;insurance;bowling;lanes;167
2018-12;bowling;lanes;germany;167
2018-12;lanes;germany;insurance;157
2018-12;germany;insurance;bowling;157
2018-12;idea;cost;surprise;51
2018-12;surprise;sponsored;listings;51
2018-12;cost;surprise;sponsored;51
2018-12;broken;screw;rescue;24
2018-12;sponsored;listings;idea;21
2018-12;listings;idea;cost;21
2019-01;surprise;sponsored;listings;130
2019-01;cost;surprise;sponsored;130
2019-01;idea;cost;surprise;130
2019-01;sponsored;listings;idea;106
2019-01;listings;idea;cost;106
2019-01;much;cost;surprise;6
2019-01;guess;much;cost;6
2019-01;surgery;contra;angle;5
2019-01;coxo;redution;surgery;5
2019-01;angle;push;button;5
2019-02;idea;cost;surprise;46
2019-02;surprise;sponsored;listings;46
2019-02;cost;surprise;sponsored;46
2019-02;sponsored;listings;idea;26
2019-02;listings;idea;cost;26
2019-02;covered;insurance;dentalimplants;16
2019-02;insurance;dentalimplants;cosmeticdentistry;16
2019-02;listings;covered;insurance;7
2019-02;sponsored;listings;covered;7
2019-02;titanium;surgery;instruments;5
2019-03;surprise;sponsored;listings;14
2019-03;cost;surprise;sponsored;14
2019-03;idea;cost;surprise;14
2019-03;sponsored;listings;idea;8
2019-03;listings;idea;cost;8
2019-03;coupons;promotions;best;7
2019-03;promotions;best;deals;7
2019-03;business;industrial;healthcare;7
2019-03;healthcare;medical;supplies;7
2019-03;best;deals;business;7
2019-04;idea;cost;surprise;23
2019-04;surprise;sponsored;listings;23
2019-04;cost;surprise;sponsored;23
2019-04;completes;years;services;22
2019-04;professionals;completes;years;22
2019-04;services;professionals;completes;18
2019-04;years;services;professionals;18
2019-04;sponsored;listings;idea;14
2019-04;listings;idea;cost;14
2019-04;check;drivers;universal;8
2019-05;surprise;sponsored;listings;52
2019-05;cost;surprise;sponsored;52
2019-05;idea;cost;surprise;52
2019-05;sponsored;listings;idea;33
2019-05;listings;idea;cost;33
2019-05;drills;surgical;tools;6
2019-05;universal;long;drills;6
2019-05;long;drills;surgical;6
2019-05;prosthetics;idea;cost;6
2019-05;check;universal;long;5
2019-06;surgical;prep;diffuse;54
2019-06;prep;diffuse;time;54
2019-06;diffuse;time;bomb;54
2019-06;time;bomb;diffusedentalbomb;51
2019-06;bomb;diffusedentalbomb;newimplantresearc;50
2019-06;diffusedentalbomb;newimplantresearc;surgical;40
2019-06;newimplantresearc;surgical;prep;40
2019-06;surprise;sponsored;listings;31
2019-06;cost;surprise;sponsored;31
2019-06;idea;cost;surprise;31
2019-07;idea;cost;surprise;82
2019-07;surprise;sponsored;listings;82
2019-07;cost;surprise;sponsored;82
2019-07;sponsored;listings;idea;45
2019-07;listings;idea;cost;45
2019-07;prosthetics;idea;cost;16
2019-07;angled;ball;attachment;10
2019-07;abutment;internal;angled;9
2019-07;sponsored;listings;download;8
2019-07;internal;angled;ball;8
2019-08;idea;cost;surprise;70
2019-08;surprise;sponsored;listings;70
2019-08;cost;surprise;sponsored;70
2019-08;sponsored;listings;idea;35
2019-08;listings;idea;cost;35
2019-08;prosthetics;idea;cost;17
2019-08;ball;attachment;abutment;13
2019-08;sponsored;listings;download;9
2019-08;internal;ball;attachment;8
2019-08;download;ebook;prosthetics;7
2019-09;plans;covering;need;15
2019-09;covering;need;insurance;15
2019-09;news;plans;covering;15
2019-09;idea;cost;surprise;11
2019-09;surprise;sponsored;listings;11
2019-09;cost;surprise;sponsored;11
2019-09;need;insurance;news;7
2019-09;insurance;news;plans;7
2019-09;prosthetics;news;plans;6
2019-09;sponsored;listings;idea;4
2019-10;etiology;prevention;treatment;5
2019-10;complications;etiology;prevention;5
2019-10;download;free;science;5
2019-10;read;online;prosthetics;4
2019-10;broken;screw;removal;4
2019-10;check;drivers;universal;4
2019-10;check;broken;screw;4
2019-10;epub;free;prosthetics;3
2019-10;drivers;universal;knob;3
2019-10;check;flexable;periotome;3
2019-11;download;ebook;prosthetics;8
2019-11;download;free;prosthetics;8
2019-11;prosthetics;download;ebook;7
2019-11;free;prosthetics;download;6
2019-11;surgical;osseodensification;cutting;6
2019-11;cutting;surgical;osseodensification;5
2019-11;osseodensification;cutting;surgical;5
2019-11;beauty;style;love;5
2019-11;download;prosthetics;read;3
2019-11;prosthetics;epub;download;3
2016-07;importance;insurance;consider;338
2016-07;insurance;consider;taking;338
2016-07;consider;taking;plunge;337
2016-07;taking;plunge;getting;337
2016-07;plunge;getting;importance;292
2016-07;getting;importance;insurance;292
2016-07;best;jersey;allendaledentalimplants;201
2016-07;jersey;allendaledentalimplants;fortleedentalimplants;201
2016-07;allendaledentalimplants;fortleedentalimplants;garfielddenta;200
2016-07;fortleedentalimplants;garfielddenta;best;187
2016-08;straight;abutment;healing;33
2016-08;cheap;tips;find;30
2016-08;tips;find;cheap;30
2016-08;find;cheap;cheap;26
2016-08;cheap;cheap;dentalimplants;26
2016-08;affordable;affordable;insurance;20
2016-08;affordable;insurance;affordable;20
2016-08;cheap;dentalimplants;cheap;19
2016-08;dentalimplants;cheap;tips;19
2016-08;insurance;affordable;without;18
2016-09;disease;teeth;model;45
2016-09;teeth;model;restoration;45
2016-09;model;restoration;bridge;45
2016-09;restoration;bridge;tooth;45
2016-09;speed;contra;angle;41
2016-09;smile;makeover;enter;40
2016-09;reduction;speed;contra;35
2016-09;bridge;tooth;idea;34
2016-09;contra;angle;handpiece;34
2016-09;deals;ebay;disease;32
2016-10;contra;angle;handpiece;67
2016-10;speed;contra;angle;63
2016-10;reduction;speed;contra;58
2016-10;benefits;produced;right;50
2016-10;produced;right;check;46
2016-10;right;check;benefits;33
2016-10;check;benefits;produced;33
2016-10;multi;unit;abutment;24
2016-10;reduction;contra;angle;23
2016-10;unit;abutment;screw;19
2016-11;affordable;driving;instructor;86
2016-11;driving;instructor;insurance;86
2016-11;contra;angle;handpiece;83
2016-11;instructor;insurance;affordable;72
2016-11;insurance;affordable;driving;72
2016-11;speed;contra;angle;71
2016-11;reduction;speed;contra;58
2016-11;contra;angle;push;28
2016-11;angle;push;button;27
2016-11;push;button;handpiece;27
2016-12;save;money;costa;413
2016-12;money;costa;rica;413
2016-12;costa;rica;save;389
2016-12;rica;save;money;389
2016-12;contra;angle;handpiece;69
2016-12;speed;contra;angle;53
2016-12;reduction;speed;contra;42
2016-12;reduction;contra;angle;32
2016-12;contra;angle;speed;24
2016-12;angle;speed;handpiece;23
2017-01;contra;angle;handpiece;88
2017-01;speed;contra;angle;72
2017-01;reduction;speed;contra;58
2017-01;reduction;contra;angle;52
2017-01;contra;angle;speed;25
2017-01;handpiece;reduction;speed;22
2017-01;angle;speed;handpiece;20
2017-01;contra;angle;push;17
2017-01;angle;push;button;16
2017-01;system;surgical;brushless;15
2017-02;contra;angle;handpiece;71
2017-02;dublin;best;prices;36
2017-02;best;prices;call;36
2017-02;speed;contra;angle;35
2017-02;prices;call;dublin;34
2017-02;call;dublin;best;34
2017-02;reduction;speed;contra;33
2017-02;free;seminar;springfield;25
2017-02;seminar;springfield;insurance;25
2017-02;springfield;insurance;california;25
2017-03;dublin;best;prices;32
2017-03;best;prices;call;32
2017-03;prices;call;dublin;29
2017-03;call;dublin;best;29
2017-03;check;broken;screw;25
2017-03;insurance;insurance;insurance;13
2017-03;check;fractured;screw;11
2017-03;insurance;surgery;advantages;11
2017-03;surgery;advantages;risks;11
2017-03;advantages;risks;insurance;11
2017-04;check;bone;crusher;9
2017-04;bone;crusher;bone;9
2017-04;crusher;bone;mill;9
2017-04;bone;mill;bone;9
2017-04;mill;bone;instruments;9
2017-04;check;fractured;screw;9
2017-04;check;bone;expander;8
2017-04;bone;expander;sinus;8
2017-04;expander;sinus;lift;8
2017-04;bone;instruments;check;8
2017-05;dentistry;restoration;surgery;46
2017-05;restoration;surgery;tools;46
2017-05;surgery;tools;abutment;25
2017-05;tools;abutment;analog;25
2017-05;tools;dentistry;restoration;13
2017-05;surgery;tools;dentistry;12
2017-05;abutment;analog;dentistry;9
2017-05;analog;dentistry;restoration;9
2017-05;check;fractured;screw;8
2017-05;abutment;analog;abutment;8
2017-06;dentistry;restoration;surgery;58
2017-06;restoration;surgery;tools;58
2017-06;surgery;tools;abutment;24
2017-06;tools;abutment;analog;24
2017-06;abutment;analog;dentistry;15
2017-06;analog;dentistry;restoration;15
2017-06;surgery;tools;dentistry;15
2017-06;tools;dentistry;restoration;15
2017-06;abutment;analog;abutment;15
2017-06;analog;abutment;analog;15
2017-07;dentistry;restoration;surgery;59
2017-07;restoration;surgery;tools;59
2017-07;surgery;tools;abutment;25
2017-07;tools;abutment;analog;25
2017-07;abutment;analog;dentistry;15
2017-07;analog;dentistry;restoration;15
2017-07;tools;dentistry;restoration;13
2017-07;surgery;tools;dentistry;12
2017-07;abutment;analog;check;10
2017-07;bone;expander;sinus;10
2017-08;dentistry;restoration;surgery;55
2017-08;restoration;surgery;tools;55
2017-08;surgery;tools;abutment;25
2017-08;tools;abutment;analog;25
2017-08;surgery;tools;dentistry;19
2017-08;tools;dentistry;restoration;19
2017-08;abutment;analog;dentistry;17
2017-08;analog;dentistry;restoration;17
2017-08;abutment;analog;abutment;16
2017-08;analog;abutment;analog;16
2017-09;dentistry;restoration;surgery;59
2017-09;restoration;surgery;tools;59
2017-09;surgery;tools;abutment;32
2017-09;tools;abutment;analog;32
2017-09;abutment;analog;dentistry;17
2017-09;analog;dentistry;restoration;17
2017-09;surgical;brushless;drill;15
2017-09;machine;surgical;brushless;14
2017-09;brushless;drill;motorreduction;14
2017-09;drill;motorreduction;handpiece;14
2017-10;robot;successfully;completes;38
2017-10;successfully;completes;human;38
2017-10;completes;human;futurist;36
2017-10;dentistry;restoration;surgery;28
2017-10;restoration;surgery;tools;28
2017-10;insurance;cover;signsyoureabadpresident;23
2017-10;cover;signsyoureabadpresident;insurance;21
2017-10;signsyoureabadpresident;insurance;cover;21
2017-10;contra;angle;handpiece;14
2017-10;usps;system;endo;12
2017-11;surgical;straight;handpiece;153
2017-11;straight;handpiece;nose;152
2017-11;handpiece;nose;cone;68
2017-11;nose;cone;external;68
2017-11;cone;external;nozzle;68
2017-11;external;internal;pipe;67
2017-11;internal;pipe;surgical;67
2017-11;pipe;surgical;straight;67
2017-11;handpiece;nose;external;64
2017-11;nose;external;internal;64
2017-12;brushless;motor;azdent;22
2017-12;surgical;brushless;motor;21
2017-12;system;screen;brushless;20
2017-12;screen;brushless;motor;20
2017-12;usps;system;endo;17
2017-12;system;endo;surgical;17
2017-12;endo;surgical;brushless;17
2017-12;motor;azdent;handpiece;17
2017-12;brushless;motor;surgical;15
2017-12;azdent;handpiece;usps;14
2018-01;surgery;abutment;crown;16
2018-01;includes;surgery;abutment;11
2018-01;surgical;straight;handpiece;8
2018-01;straight;handpiece;nose;8
2018-01;handpiece;nose;cone;8
2018-01;nose;cone;external;8
2018-01;cone;external;nozzle;8
2018-01;smile;clinics;offering;7
2018-01;clinics;offering;starts;7
2018-01;abutment;crown;limited;7
2018-02;surgery;abutment;crown;19
2018-02;abutment;crown;included;19
2018-02;offer;ends;march;18
2018-02;ends;march;surgery;18
2018-02;march;surgery;abutment;18
2018-02;crown;included;offer;13
2018-02;included;offer;ends;13
2018-02;zimmer;abutments;five;6
2018-02;abutments;five;zimmer;5
2018-02;five;zimmer;abutments;5
2018-03;campbell;reviews;californiadentist;10
2018-03;reviews;californiadentist;campbelldentalimplants;10
2018-03;californiadentist;campbelldentalimplants;campbell;9
2018-03;campbelldentalimplants;campbell;reviews;9
2018-03;tooth;sydney;announces;3
2018-03;sydney;announces;offer;3
2018-03;announces;offer;high;3
2018-03;offer;high;quality;3
2018-03;high;quality;affordable;3
2018-03;surgery;abutment;crown;3
2018-04;much;cost;denver;10
2018-04;cost;denver;find;10
2018-04;denver;find;denverdentalimplants;10
2018-04;find;denverdentalimplants;costofimplants;10
2018-04;denverdentalimplants;costofimplants;much;9
2018-04;costofimplants;much;cost;9
2018-04;universal;mini;drill;2
2018-04;mini;drill;empty;2
2018-04;drill;empty;check;2
2018-04;check;instruments;surgical;2
2018-05;fees;includes;surgery;3
2018-05;includes;surgery;placement;3
2018-05;surgery;placement;abutment;3
2018-05;placement;abutment;crown;3
2018-05;abutment;crown;call;3
2018-05;crown;call;pearland;3
2018-05;call;pearland;pasadena;3
2018-05;pearland;pasadena;free;3
2018-05;pasadena;free;consultation;3
2018-05;free;consultation;fees;2
2018-07;idea;cost;surprise;37
2018-07;cost;surprise;sponsored;37
2018-07;surprise;sponsored;listings;37
2018-07;sponsored;listings;idea;31
2018-07;listings;idea;cost;31
2018-07;silicon;ball;attachment;4
2018-07;ball;attachment;internal;4
2018-07;attachment;internal;abutment;4
2018-07;visit;idea;cost;2
2018-07;investment;prototyping;rapidprototyping;2
2018-08;idea;cost;surprise;52
2018-08;cost;surprise;sponsored;52
2018-08;surprise;sponsored;listings;52
2018-08;sponsored;listings;idea;35
2018-08;listings;idea;cost;35
2018-08;guess;much;cost;7
2018-08;much;cost;surprise;7
2018-08;sponsored;listings;guess;6
2018-08;listings;guess;much;6
2018-08;cost;surprise;idea;4
2018-09;idea;cost;surprise;90
2018-09;cost;surprise;sponsored;90
2018-09;surprise;sponsored;listings;90
2018-09;sponsored;listings;idea;63
2018-09;listings;idea;cost;63
2018-09;guess;much;cost;10
2018-09;much;cost;surprise;10
2018-09;cost;surprise;idea;7
2018-09;surprise;idea;cost;7
2018-09;sponsored;listings;guess;6
2018-10;idea;cost;surprise;110
2018-10;cost;surprise;sponsored;110
2018-10;surprise;sponsored;listings;110
2018-10;sponsored;listings;idea;89
2018-10;listings;idea;cost;89
2018-10;guess;much;cost;4
2018-10;much;cost;surprise;4
2018-10;cost;surprise;idea;4
2018-10;surprise;idea;cost;4
2018-10;sponsored;listings;check;3
2018-11;idea;cost;surprise;50
2018-11;cost;surprise;sponsored;50
2018-11;surprise;sponsored;listings;50
2018-11;sponsored;listings;idea;33
2018-11;listings;idea;cost;33
2018-11;covered;insurance;find;25
2018-11;insurance;find;information;25
2018-11;find;information;paying;25
2018-11;information;paying;financing;25
2018-11;paying;financing;insurance;25
2018-12;insurance;bowling;lanes;167
2018-12;bowling;lanes;germany;167
2018-12;lanes;germany;insurance;156
2018-12;germany;insurance;bowling;156
2018-12;idea;cost;surprise;51
2018-12;cost;surprise;sponsored;51
2018-12;surprise;sponsored;listings;51
2018-12;broken;screw;rescue;24
2018-12;sponsored;listings;idea;21
2018-12;listings;idea;cost;21
2019-01;idea;cost;surprise;130
2019-01;cost;surprise;sponsored;130
2019-01;surprise;sponsored;listings;130
2019-01;sponsored;listings;idea;102
2019-01;listings;idea;cost;102
2019-01;guess;much;cost;6
2019-01;much;cost;surprise;6
2019-01;cost;surprise;idea;5
2019-01;surprise;idea;cost;5
2019-01;sponsored;listings;check;5
2019-02;idea;cost;surprise;46
2019-02;cost;surprise;sponsored;46
2019-02;surprise;sponsored;listings;46
2019-02;sponsored;listings;idea;22
2019-02;listings;idea;cost;22
2019-02;covered;insurance;dentalimplants;16
2019-02;insurance;dentalimplants;cosmeticdentistry;16
2019-02;sponsored;listings;covered;6
2019-02;listings;covered;insurance;6
2019-02;titanium;surgery;instruments;5
2019-03;idea;cost;surprise;14
2019-03;cost;surprise;sponsored;14
2019-03;surprise;sponsored;listings;14
2019-03;coupons;promotions;best;7
2019-03;promotions;best;deals;7
2019-03;best;deals;business;7
2019-03;deals;business;industrial;7
2019-03;business;industrial;healthcare;7
2019-03;industrial;healthcare;medical;7
2019-03;healthcare;medical;supplies;7
2019-04;idea;cost;surprise;23
2019-04;cost;surprise;sponsored;23
2019-04;surprise;sponsored;listings;23
2019-04;professionals;completes;years;22
2019-04;completes;years;services;22
2019-04;years;services;professionals;18
2019-04;services;professionals;completes;18
2019-04;sponsored;listings;idea;10
2019-04;listings;idea;cost;10
2019-04;check;drivers;universal;8
2019-05;idea;cost;surprise;52
2019-05;cost;surprise;sponsored;52
2019-05;surprise;sponsored;listings;52
2019-05;sponsored;listings;idea;30
2019-05;listings;idea;cost;30
2019-05;universal;long;drills;6
2019-05;long;drills;surgical;6
2019-05;drills;surgical;tools;6
2019-05;check;universal;long;5
2019-05;bioconcept;idea;cost;4
2019-06;surgical;prep;diffuse;54
2019-06;prep;diffuse;time;54
2019-06;diffuse;time;bomb;54
2019-06;time;bomb;diffusedentalbomb;51
2019-06;bomb;diffusedentalbomb;newimplantresearc;50
2019-06;diffusedentalbomb;newimplantresearc;surgical;39
2019-06;newimplantresearc;surgical;prep;39
2019-06;idea;cost;surprise;31
2019-06;cost;surprise;sponsored;31
2019-06;surprise;sponsored;listings;31
2019-07;idea;cost;surprise;82
2019-07;cost;surprise;sponsored;82
2019-07;surprise;sponsored;listings;82
2019-07;sponsored;listings;idea;49
2019-07;listings;idea;cost;49
2019-07;prosthetics;idea;cost;13
2019-07;angled;ball;attachment;10
2019-07;abutment;internal;angled;9
2019-07;science;idea;cost;8
2019-07;internal;angled;ball;8
2019-08;idea;cost;surprise;70
2019-08;cost;surprise;sponsored;70
2019-08;surprise;sponsored;listings;70
2019-08;sponsored;listings;idea;37
2019-08;listings;idea;cost;37
2019-08;prosthetics;idea;cost;16
2019-08;ball;attachment;abutment;13
2019-08;internal;ball;attachment;10
2019-08;sponsored;listings;download;8
2019-08;download;ebook;prosthetics;7
2019-09;news;plans;covering;15
2019-09;plans;covering;need;15
2019-09;covering;need;insurance;15
2019-09;idea;cost;surprise;11
2019-09;cost;surprise;sponsored;11
2019-09;surprise;sponsored;listings;11
2019-09;insurance;news;plans;7
2019-09;prosthetics;news;plans;6
2019-09;need;insurance;news;6
2019-09;prosthetics;idea;cost;5
2019-10;complications;etiology;prevention;5
2019-10;etiology;prevention;treatment;5
2019-10;download;free;science;5
2019-10;check;broken;screw;4
2019-10;broken;screw;removal;4
2019-10;check;drivers;universal;4
2019-10;read;online;prosthetics;4
2019-10;universal;zahnimplantate;check;3
2019-10;drivers;universal;knob;3
2019-10;free;complications;etiology;3
2019-11;download;ebook;prosthetics;8
2019-11;download;free;prosthetics;8
2019-11;free;prosthetics;download;6
2019-11;surgical;osseodensification;cutting;6
2019-11;prosthetics;download;ebook;6
2019-11;beauty;style;love;5
2019-11;osseodensification;cutting;surgical;5
2019-11;cutting;surgical;osseodensification;5
2019-11;prosthetics;epub;download;4
2019-11;ebook;prosthetics;download;3
2019-12;ebook;free;science;1
2019-12;free;science;download;1
2019-12;science;download;free;1
2019-12;download;free;prosthetics;1
2019-12;free;prosthetics;download;1
2019-12;prosthetics;download;ebook;1
2019-12;download;ebook;prosthetics;1
