2016-08;overall;success;rate;69
2016-08;people;replacing;missing;56
2016-08;missing;teeth;overall;56
2016-08;teeth;overall;success;56
2016-08;replacing;missing;teeth;56
2016-08;internal;ratchet;drivers;23
2016-08;surgery;internal;ratchet;22
2016-08;success;rate;people;21
2016-08;rate;people;replacing;21
2016-08;teeth;right;mouth;20
2016-09;around;thousands;years;53
2016-09;know;around;thousands;53
2016-09;phoenicians;used;gold;53
2016-09;thousands;years;ancient;53
2016-09;ancient;phoenicians;used;53
2016-09;years;ancient;phoenicians;53
2016-09;used;gold;know;51
2016-09;gold;know;around;51
2016-09;novel;nasal;endoscopic;33
2016-09;endoscopic;approach;removing;33
2016-10;approved;high;quality;131
2016-10;offers;australian;approved;131
2016-10;australian;approved;high;131
2016-10;professionals;offers;australian;131
2016-10;quality;professionals;offers;127
2016-10;high;quality;professionals;127
2016-10;overall;success;rate;35
2016-10;study;teach;model;30
2016-10;teeth;study;teach;30
2016-10;brief;history;contribution;26
2016-11;reduction;contra;angle;50
2016-11;contra;angle;handpiece;40
2016-11;brief;history;contribution;35
2016-11;simple;explanation;process;34
2016-11;explanation;process;simple;31
2016-11;process;simple;explanation;31
2016-11;history;contribution;dentistry;24
2016-11;style;reduction;contra;23
2016-11;unignorable;functions;serve;19
2016-11;serve;unignorable;functions;18
2016-12;hydrualic;press;ceramic;235
2016-12;press;ceramic;hydrualic;195
2016-12;ceramic;hydrualic;press;195
2016-12;evolution;challenging;school;157
2016-12;thought;looking;established;134
2016-12;challenging;school;thought;134
2016-12;school;thought;looking;134
2016-12;looking;established;evolution;129
2016-12;established;evolution;challenging;129
2016-12;antibacterial;activity;designed;104
2017-01;drug;reservoir;reduces;178
2017-01;reservoir;reduces;infection;176
2017-01;reduces;infection;risk;174
2017-01;antibacterial;activity;designed;122
2017-01;designed;facilitate;integration;122
2017-01;activity;designed;facilitate;122
2017-01;facilitate;integration;bone;104
2017-01;reduces;risk;infections;75
2017-01;reservoir;reduces;risk;75
2017-01;contra;angle;handpiece;70
2017-02;contra;angle;handpiece;41
2017-02;reduction;contra;angle;38
2017-02;check;torque;wrench;30
2017-02;diabetes;need;know;19
2017-02;know;diabetes;need;16
2017-02;need;know;diabetes;16
2017-02;million;americans;successful;14
2017-02;drill;motor;reduction;12
2017-02;grow;teeth;mouth;12
2017-02;style;reduction;contra;11
2017-03;successful;method;reduce;97
2017-03;method;reduce;failure;95
2017-03;study;identifies;successful;94
2017-03;identifies;successful;method;94
2017-03;check;torque;wrench;65
2017-03;reduce;failure;study;60
2017-03;create;approach;reduce;40
2017-03;failure;study;identifies;40
2017-03;reduce;risk;failure;40
2017-03;approach;reduce;risk;40
2017-04;generate;leads;industry;69
2017-04;tech;company;launches;69
2017-04;system;generate;leads;69
2017-04;company;launches;system;69
2017-04;launches;system;generate;69
2017-04;industry;tech;company;68
2017-04;leads;industry;tech;68
2017-04;method;reduce;failure;25
2017-04;study;identifies;successful;25
2017-04;identifies;successful;method;25
2017-05;cost;cost;cost;301
2017-05;broken;screw;removal;52
2017-05;screw;removal;remover;49
2017-05;removal;remover;retrieval;49
2017-05;remover;retrieval;restoration;49
2017-05;maui;benefits;maui;47
2017-05;benefits;maui;benefits;44
2017-05;making;possible;people;24
2017-05;lifts;making;possible;24
2017-05;sinus;lifts;making;24
2017-06;cost;cost;cost;308
2017-06;removal;remover;retrieval;58
2017-06;screw;removal;remover;58
2017-06;broken;screw;removal;58
2017-06;remover;retrieval;restoration;58
2017-06;cost;torque;wrench;32
2017-06;retrieval;restoration;cost;32
2017-06;interesting;history;across;31
2017-06;centuries;throughout;cultures;31
2017-06;surprisingly;rich;interesting;31
2017-07;cost;cost;cost;193
2017-07;screw;removal;remover;61
2017-07;broken;screw;removal;61
2017-07;remover;retrieval;restoration;61
2017-07;removal;remover;retrieval;61
2017-07;retrieval;restoration;cost;33
2017-07;cost;torque;wrench;31
2017-07;torque;wrench;cost;28
2017-07;cost;broken;screw;27
2017-07;contra;angle;handpiece;24
2017-08;million;americans;successful;72
2017-08;successful;million;americans;60
2017-08;americans;successful;million;60
2017-08;screw;removal;remover;54
2017-08;broken;screw;removal;54
2017-08;remover;retrieval;restoration;54
2017-08;removal;remover;retrieval;54
2017-08;next;generation;printed;47
2017-08;generation;printed;medical;47
2017-08;medical;could;made;46
2017-09;trust;technology;trust;167
2017-09;technology;trust;technology;167
2017-09;nobel;biocare;active;68
2017-09;active;nobelactive;sealed;68
2017-09;biocare;active;nobelactive;68
2017-09;removal;remover;retrieval;57
2017-09;screw;removal;remover;57
2017-09;broken;screw;removal;57
2017-09;remover;retrieval;restoration;57
2017-09;sealed;nobel;biocare;47
2017-10;cost;cost;cost;271
2017-10;trust;technology;trust;197
2017-10;technology;trust;technology;197
2017-10;positive;features;doctor;69
2017-10;know;positive;features;69
2017-10;features;doctor;prescriptions;69
2017-10;doctor;prescriptions;know;65
2017-10;prescriptions;know;positive;65
2017-10;biocare;tapered;groovy;28
2017-10;removal;remover;retrieval;28
2017-11;cost;cost;cost;294
2017-11;biocare;tapered;groovy;39
2017-11;nobel;biocare;tapered;39
2017-11;features;medaka;doctor;36
2017-11;positive;features;medaka;36
2017-11;know;positive;features;36
2017-11;generaldentist;familydentistry;losangeles;35
2017-11;growth;bone;generaldentist;35
2017-11;stimulate;growth;bone;35
2017-11;help;stimulate;growth;35
2017-12;cost;cost;cost;123
2017-12;advantages;advantages;advantages;70
2017-12;positive;features;medaka;39
2017-12;features;medaka;doctor;39
2017-12;know;positive;features;39
2017-12;doctor;know;positive;35
2017-12;medaka;doctor;know;35
2017-12;grow;teeth;mouth;26
2017-12;cell;grow;teeth;26
2017-12;stem;cell;grow;26
2018-01;cost;cost;cost;439
2018-01;success;rate;percent;19
2018-01;know;need;know;18
2018-01;need;know;need;18
2018-01;rate;percent;beat;17
2018-01;overall;success;rate;17
2018-01;know;overall;success;17
2018-01;percent;beat;odds;17
2018-01;beat;odds;read;13
2018-01;contra;angle;handpiece;12
2018-02;ihub;newyork;social;456
2018-02;thestreet;jimmyfallon;forbes;456
2018-02;bloomberg;thestreet;jimmyfallon;456
2018-02;reuters;bloomberg;thestreet;456
2018-02;newyork;social;networking;456
2018-02;networking;business;foxnews;456
2018-02;nasdaq;chicago;digitalmarkiting;456
2018-02;social;networking;business;456
2018-02;chicago;digitalmarkiting;ihub;456
2018-02;nytimes;reuters;bloomberg;456
2018-03;social;networking;business;446
2018-03;ihub;newyork;social;446
2018-03;forbes;nasdaq;chicago;446
2018-03;thestreet;jimmyfallon;forbes;446
2018-03;bloomberg;thestreet;jimmyfallon;446
2018-03;reuters;bloomberg;thestreet;446
2018-03;newyork;social;networking;446
2018-03;jimmyfallon;forbes;nasdaq;446
2018-03;networking;business;foxnews;446
2018-03;nasdaq;chicago;digitalmarkiting;446
2018-04;tooth;sydney;announces;98
2018-04;sydney;announces;australian;98
2018-04;australian;approved;brands;98
2018-04;announces;australian;approved;98
2018-04;approved;brands;tooth;92
2018-04;brands;tooth;sydney;92
2018-04;origin;origin;origin;69
2018-04;ihub;newyork;social;52
2018-04;thestreet;jimmyfallon;forbes;52
2018-04;bloomberg;thestreet;jimmyfallon;52
2018-05;cost;cost;cost;35
2018-05;heard;mini;theyre;10
2018-05;theyre;affordable;learn;10
2018-05;mini;theyre;affordable;10
2018-05;learn;heard;mini;9
2018-05;affordable;learn;heard;9
2018-05;know;facts;modern;3
2018-05;often;cannot;placed;3
2018-05;number;facial;issues;3
2018-05;placed;without;first;3
2018-07;printed;secure;million;25
2018-07;secure;million;investment;25
2018-07;investment;printed;secure;13
2018-07;million;investment;printed;13
2018-07;provides;unique;protocol;7
2018-07;cleaning;system;provides;7
2018-07;galvosurge;cleaning;system;7
2018-07;system;provides;unique;7
2018-07;unique;protocol;decontamination;7
2018-07;investment;printing;industry;7
2018-08;body;shin;chin;7
2018-08;bone;synthetic;materials;7
2018-08;used;bone;mass;7
2018-08;bone;mass;adding;7
2018-08;synthetic;materials;used;7
2018-08;places;body;shin;7
2018-08;adding;bone;mass;7
2018-08;graft;material;come;7
2018-08;come;places;body;7
2018-08;material;come;places;7
2018-09;million;people;united;11
2018-09;people;united;states;11
2018-09;invisalign;complete;smile;8
2018-09;complete;smile;makeover;8
2018-09;makeover;full;mouth;8
2018-09;mouth;restoration;help;8
2018-09;braces;invisalign;complete;8
2018-09;smile;makeover;full;8
2018-09;full;mouth;restoration;8
2018-09;states;million;people;6
2018-10;takeaways;imaging;takeaways;77
2018-10;imaging;takeaways;imaging;77
2018-10;titanium;dentalimplants;dentalclinic;15
2018-10;made;titanium;dentalimplants;15
2018-10;usually;made;titanium;15
2018-10;doyouknow;usually;made;15
2018-10;made;titanium;biocompatible;10
2018-10;dentalclinic;doyouknow;usually;9
2018-10;dentalimplants;dentalclinic;doyouknow;9
2018-10;invisalign;complete;smile;8
2018-11;bone;graft;provide;15
2018-11;graft;provide;sufficient;15
2018-11;provide;sufficient;support;15
2018-11;shows;promise;conventional;14
2018-11;promise;conventional;counterparts;14
2018-11;printed;shows;promise;14
2018-11;support;bone;graft;11
2018-11;sufficient;support;bone;11
2018-11;counterparts;printed;shows;9
2018-11;conventional;counterparts;printed;9
2018-12;check;torque;wrench;95
2018-12;straumann;torque;wrench;73
2018-12;short;long;check;65
2018-12;check;straumann;torque;59
2018-12;long;short;torque;55
2018-12;check;drivers;straumann;55
2018-12;torque;wrench;drivers;43
2018-12;torque;wrench;adapter;41
2018-12;drivers;short;long;39
2018-12;long;check;drivers;38
2019-01;approved;certified;premium;18
2019-01;offer;australian;approved;18
2019-01;australian;approved;certified;18
2019-01;professionals;offer;australian;18
2019-01;certified;premium;quality;18
2019-01;premium;quality;professionals;16
2019-01;quality;professionals;offer;16
2019-01;check;torque;wrench;8
2019-01;look;difference;make;7
2019-01;make;dentalimplants;harrow;7
2019-02;sirona;manufacturer;world;32
2019-02;dentsply;sirona;manufacturer;32
2019-02;news;dentsply;sirona;32
2019-02;recind;euthanisia;labradors;32
2019-02;admitted;funding;research;32
2019-02;manufacturer;world;admitted;32
2019-02;call;recind;euthanisia;32
2019-02;world;admitted;funding;32
2019-02;funding;research;dogs;32
2019-02;breaking;news;dentsply;32
2019-03;showcases;star;system;12
2019-03;medical;showcases;star;12
2019-03;meoplant;medical;showcases;12
2019-03;dentures;make;eating;11
2019-03;make;eating;certain;11
2019-03;foods;difficult;present;11
2019-03;type;problem;dentalimplants;11
2019-03;eating;certain;foods;11
2019-03;difficult;present;type;11
2019-03;problem;dentalimplants;falseteeth;11
2019-04;grafting;bone;grafting;25
2019-04;bone;grafting;bone;25
2019-04;straumann;available;europe;19
2019-04;system;straumann;available;19
2019-04;check;torque;wrench;16
2019-04;check;driver;straumann;14
2019-04;driver;straumann;star;14
2019-04;short;long;drivers;14
2019-04;occur;installation;dentalimplants;13
2019-04;complications;might;occur;13
2019-05;disproves;need;antibiotic;20
2019-05;need;antibiotic;prophylaxis;20
2019-05;study;disproves;need;20
2019-05;antibiotic;prophylaxis;prevention;20
2019-05;prophylaxis;prevention;infections;20
2019-05;success;rate;learn;19
2019-05;overall;success;rate;19
2019-05;placed;omss;overall;19
2019-05;rate;learn;solution;19
2019-05;solution;missing;teeth;19
2019-06;conical;connection;nobel;21
2019-06;lock;abutment;full;21
2019-06;full;conical;connection;21
2019-06;abutment;full;conical;21
2019-06;nobel;lock;abutment;18
2019-06;connection;nobel;lock;18
2019-06;connection;sterilized;titanium;8
2019-06;cylindrical;body;internal;8
2019-06;conical;connection;regular;8
2019-06;body;internal;sterilized;8
2019-07;different;types;restoration;16
2019-07;types;restoration;know;16
2019-07;restoration;know;different;9
2019-07;know;different;types;9
2019-07;bone;grafting;made;5
2019-07;facts;help;make;5
2019-07;know;taking;proper;5
2019-07;grafting;made;easier;5
2019-07;tooth;dentalimplants;cosmeticdentistry;5
2019-07;three;facts;definitely;5
2019-08;check;torque;wrench;31
2019-08;drivers;short;long;30
2019-08;short;long;straumann;27
2019-08;long;straumann;check;22
2019-08;check;drivers;universal;21
2019-08;torque;wrench;drivers;19
2019-08;check;drivers;straumann;18
2019-08;straumann;check;drivers;17
2019-08;wrench;drivers;short;17
2019-08;overall;success;rate;12
2019-09;types;restoration;know;22
2019-09;different;types;restoration;22
2019-09;titanium;used;create;19
2019-09;used;create;posts;19
2019-09;know;different;types;17
2019-09;restoration;know;different;16
2019-09;posts;titanium;used;15
2019-09;create;posts;titanium;15
2019-09;sinus;lifting;open;13
2019-09;make;beautiful;restoration;13
2019-10;torque;wrench;drivers;40
2019-10;check;torque;wrench;37
2019-10;drivers;short;long;37
2019-10;short;long;check;36
2019-10;wrench;drivers;short;34
2019-10;different;types;restoration;33
2019-10;types;restoration;know;33
2019-10;long;check;torque;24
2019-10;restoration;know;different;23
2019-10;know;different;types;23
2019-11;types;restoration;know;40
2019-11;different;types;restoration;40
2019-11;restoration;know;different;32
2019-11;know;different;types;32
2019-11;surgical;exposure;orthognatic;9
2019-11;teeth;surgical;exposure;9
2019-11;trauma;botox;filler;9
2019-11;filler;stateoftheart;aaoms;9
2019-11;orthognatic;surgery;oral;9
2019-11;facial;trauma;botox;9
2016-07;spiral;sterile;internal;32
2016-07;overall;success;rate;26
2016-07;straight;abutments;spiral;23
2016-07;abutments;spiral;sterile;23
2016-07;check;torque;wrench;20
2016-07;internal;straight;abutments;20
2016-07;sterile;internal;straight;19
2016-07;people;replacing;missing;18
2016-07;replacing;missing;teeth;18
2016-07;missing;teeth;overall;18
2016-08;overall;success;rate;69
2016-08;people;replacing;missing;56
2016-08;replacing;missing;teeth;56
2016-08;missing;teeth;overall;56
2016-08;teeth;overall;success;56
2016-08;grow;teeth;right;20
2016-08;teeth;right;mouth;20
2016-08;torque;wrench;adapter;19
2016-08;internal;ratchet;drivers;17
2016-08;ratchet;drivers;front;17
2016-09;know;around;thousands;53
2016-09;around;thousands;years;53
2016-09;thousands;years;ancient;53
2016-09;years;ancient;phoenicians;53
2016-09;ancient;phoenicians;used;53
2016-09;phoenicians;used;gold;53
2016-09;used;gold;know;50
2016-09;gold;know;around;50
2016-09;novel;nasal;endoscopic;33
2016-09;nasal;endoscopic;approach;33
2016-10;professionals;offers;australian;131
2016-10;offers;australian;approved;131
2016-10;australian;approved;high;131
2016-10;approved;high;quality;131
2016-10;high;quality;professionals;110
2016-10;quality;professionals;offers;110
2016-10;overall;success;rate;35
2016-10;teeth;study;teach;30
2016-10;study;teach;model;30
2016-10;brief;history;contribution;26
2016-11;reduction;contra;angle;51
2016-11;contra;angle;handpiece;40
2016-11;brief;history;contribution;35
2016-11;simple;explanation;process;34
2016-11;explanation;process;simple;29
2016-11;process;simple;explanation;29
2016-11;history;contribution;dentistry;24
2016-11;style;reduction;contra;23
2016-11;unignorable;functions;serve;19
2016-11;wide;platform;titanium;18
2016-12;hydrualic;press;ceramic;235
2016-12;press;ceramic;hydrualic;177
2016-12;ceramic;hydrualic;press;177
2016-12;evolution;challenging;school;157
2016-12;challenging;school;thought;134
2016-12;school;thought;looking;134
2016-12;thought;looking;established;134
2016-12;looking;established;evolution;115
2016-12;established;evolution;challenging;115
2016-12;antibacterial;activity;designed;104
2017-01;drug;reservoir;reduces;178
2017-01;reservoir;reduces;infection;176
2017-01;reduces;infection;risk;174
2017-01;designed;facilitate;integration;122
2017-01;antibacterial;activity;designed;122
2017-01;activity;designed;facilitate;122
2017-01;facilitate;integration;bone;104
2017-01;reservoir;reduces;risk;75
2017-01;reduces;risk;infections;75
2017-01;contra;angle;handpiece;70
2017-02;contra;angle;handpiece;41
2017-02;reduction;contra;angle;38
2017-02;check;torque;wrench;30
2017-02;diabetes;need;know;19
2017-02;need;know;diabetes;17
2017-02;know;diabetes;need;17
2017-02;million;americans;successful;14
2017-02;drill;motor;reduction;12
2017-02;grow;teeth;mouth;12
2017-02;style;reduction;contra;11
2017-03;successful;method;reduce;97
2017-03;method;reduce;failure;95
2017-03;study;identifies;successful;94
2017-03;identifies;successful;method;94
2017-03;check;torque;wrench;65
2017-03;reduce;failure;study;58
2017-03;failure;study;identifies;43
2017-03;researchers;create;approach;40
2017-03;create;approach;reduce;40
2017-03;approach;reduce;risk;40
2017-04;tech;company;launches;69
2017-04;company;launches;system;69
2017-04;launches;system;generate;69
2017-04;system;generate;leads;69
2017-04;generate;leads;industry;69
2017-04;leads;industry;tech;68
2017-04;industry;tech;company;68
2017-04;study;identifies;successful;25
2017-04;identifies;successful;method;25
2017-04;successful;method;reduce;25
2017-05;cost;cost;cost;289
2017-05;broken;screw;removal;52
2017-05;screw;removal;remover;49
2017-05;removal;remover;retrieval;49
2017-05;remover;retrieval;restoration;49
2017-05;benefits;maui;benefits;39
2017-05;maui;benefits;maui;38
2017-05;sinus;lifts;making;24
2017-05;lifts;making;possible;24
2017-05;making;possible;people;24
2017-06;cost;cost;cost;283
2017-06;broken;screw;removal;58
2017-06;screw;removal;remover;58
2017-06;removal;remover;retrieval;58
2017-06;remover;retrieval;restoration;58
2017-06;torque;wrench;cost;34
2017-06;cost;torque;wrench;32
2017-06;surprisingly;rich;interesting;31
2017-06;rich;interesting;history;31
2017-06;interesting;history;across;31
2017-07;cost;cost;cost;173
2017-07;broken;screw;removal;61
2017-07;screw;removal;remover;61
2017-07;removal;remover;retrieval;61
2017-07;remover;retrieval;restoration;61
2017-07;retrieval;restoration;cost;33
2017-07;cost;torque;wrench;33
2017-07;cost;broken;screw;31
2017-07;torque;wrench;cost;28
2017-07;contra;angle;handpiece;24
2017-08;million;americans;successful;72
2017-08;broken;screw;removal;54
2017-08;screw;removal;remover;54
2017-08;removal;remover;retrieval;54
2017-08;remover;retrieval;restoration;54
2017-08;americans;successful;million;48
2017-08;successful;million;americans;48
2017-08;next;generation;printed;47
2017-08;generation;printed;medical;47
2017-08;printed;medical;could;46
2017-09;technology;trust;technology;155
2017-09;trust;technology;trust;155
2017-09;nobel;biocare;active;68
2017-09;biocare;active;nobelactive;68
2017-09;active;nobelactive;sealed;68
2017-09;broken;screw;removal;57
2017-09;screw;removal;remover;57
2017-09;removal;remover;retrieval;57
2017-09;remover;retrieval;restoration;57
2017-09;nobelactive;sealed;nobel;36
2017-10;cost;cost;cost;264
2017-10;technology;trust;technology;177
2017-10;trust;technology;trust;177
2017-10;know;positive;features;69
2017-10;positive;features;doctor;69
2017-10;features;doctor;prescriptions;69
2017-10;doctor;prescriptions;know;57
2017-10;prescriptions;know;positive;57
2017-10;broken;screw;removal;28
2017-10;screw;removal;remover;28
2017-11;cost;cost;cost;232
2017-11;nobel;biocare;tapered;39
2017-11;biocare;tapered;groovy;39
2017-11;cost;nobel;biocare;39
2017-11;know;positive;features;36
2017-11;positive;features;medaka;36
2017-11;features;medaka;doctor;36
2017-11;know;help;stimulate;35
2017-11;help;stimulate;growth;35
2017-11;stimulate;growth;bone;35
2017-12;cost;cost;cost;98
2017-12;advantages;advantages;advantages;61
2017-12;know;positive;features;39
2017-12;positive;features;medaka;39
2017-12;features;medaka;doctor;39
2017-12;medaka;doctor;know;37
2017-12;doctor;know;positive;37
2017-12;stem;cell;grow;26
2017-12;cell;grow;teeth;26
2017-12;grow;teeth;mouth;26
2018-01;cost;cost;cost;388
2018-01;success;rate;percent;19
2018-01;know;overall;success;17
2018-01;overall;success;rate;17
2018-01;rate;percent;beat;17
2018-01;percent;beat;odds;17
2018-01;need;know;need;16
2018-01;know;need;know;16
2018-01;cost;cost;know;13
2018-01;beat;odds;read;13
2018-02;nytimes;reuters;bloomberg;456
2018-02;reuters;bloomberg;thestreet;456
2018-02;bloomberg;thestreet;jimmyfallon;456
2018-02;thestreet;jimmyfallon;forbes;456
2018-02;jimmyfallon;forbes;nasdaq;456
2018-02;forbes;nasdaq;chicago;456
2018-02;nasdaq;chicago;digitalmarkiting;456
2018-02;chicago;digitalmarkiting;ihub;456
2018-02;digitalmarkiting;ihub;newyork;456
2018-02;ihub;newyork;social;456
2018-03;nytimes;reuters;bloomberg;446
2018-03;reuters;bloomberg;thestreet;446
2018-03;bloomberg;thestreet;jimmyfallon;446
2018-03;thestreet;jimmyfallon;forbes;446
2018-03;jimmyfallon;forbes;nasdaq;446
2018-03;forbes;nasdaq;chicago;446
2018-03;nasdaq;chicago;digitalmarkiting;446
2018-03;chicago;digitalmarkiting;ihub;446
2018-03;digitalmarkiting;ihub;newyork;446
2018-03;ihub;newyork;social;446
2018-04;tooth;sydney;announces;98
2018-04;sydney;announces;australian;98
2018-04;announces;australian;approved;98
2018-04;australian;approved;brands;98
2018-04;approved;brands;tooth;83
2018-04;brands;tooth;sydney;83
2018-04;origin;origin;origin;76
2018-04;nytimes;reuters;bloomberg;52
2018-04;reuters;bloomberg;thestreet;52
2018-04;bloomberg;thestreet;jimmyfallon;52
2018-05;cost;cost;cost;31
2018-05;heard;mini;theyre;10
2018-05;mini;theyre;affordable;10
2018-05;theyre;affordable;learn;10
2018-05;affordable;learn;heard;9
2018-05;learn;heard;mini;9
2018-05;know;facts;modern;3
2018-05;facts;modern;bone;3
2018-05;modern;bone;grafts;3
2018-05;bone;grafts;used;3
2018-07;printed;secure;million;25
2018-07;secure;million;investment;25
2018-07;million;investment;printed;13
2018-07;investment;printed;secure;13
2018-07;million;investment;printing;7
2018-07;investment;printing;industry;7
2018-07;galvosurge;cleaning;system;7
2018-07;cleaning;system;provides;7
2018-07;system;provides;unique;7
2018-07;provides;unique;protocol;7
2018-08;bone;graft;material;7
2018-08;graft;material;come;7
2018-08;material;come;places;7
2018-08;come;places;body;7
2018-08;places;body;shin;7
2018-08;body;shin;chin;7
2018-08;animal;bone;synthetic;7
2018-08;bone;synthetic;materials;7
2018-08;synthetic;materials;used;7
2018-08;materials;used;bone;7
2018-09;million;people;united;11
2018-09;people;united;states;11
2018-09;braces;invisalign;complete;8
2018-09;invisalign;complete;smile;8
2018-09;complete;smile;makeover;8
2018-09;smile;makeover;full;8
2018-09;makeover;full;mouth;8
2018-09;full;mouth;restoration;8
2018-09;mouth;restoration;help;8
2018-09;united;states;million;5
2018-10;takeaways;imaging;takeaways;67
2018-10;imaging;takeaways;imaging;67
2018-10;doyouknow;usually;made;15
2018-10;usually;made;titanium;15
2018-10;made;titanium;dentalimplants;15
2018-10;titanium;dentalimplants;dentalclinic;15
2018-10;made;titanium;biocompatible;10
2018-10;braces;invisalign;complete;8
2018-10;invisalign;complete;smile;8
2018-10;complete;smile;makeover;8
2018-11;bone;graft;provide;15
2018-11;graft;provide;sufficient;15
2018-11;provide;sufficient;support;15
2018-11;printed;shows;promise;14
2018-11;shows;promise;conventional;14
2018-11;promise;conventional;counterparts;14
2018-11;sufficient;support;bone;12
2018-11;support;bone;graft;12
2018-11;conventional;counterparts;printed;8
2018-11;counterparts;printed;shows;8
2018-12;check;torque;wrench;95
2018-12;straumann;torque;wrench;73
2018-12;short;long;check;61
2018-12;check;straumann;torque;59
2018-12;long;short;torque;55
2018-12;check;drivers;straumann;55
2018-12;torque;wrench;drivers;43
2018-12;torque;wrench;adapter;41
2018-12;drivers;short;long;39
2018-12;long;check;drivers;36
2019-01;professionals;offer;australian;18
2019-01;offer;australian;approved;18
2019-01;australian;approved;certified;18
2019-01;approved;certified;premium;18
2019-01;certified;premium;quality;18
2019-01;premium;quality;professionals;16
2019-01;quality;professionals;offer;16
2019-01;check;torque;wrench;8
2019-01;look;difference;make;7
2019-01;difference;make;dentalimplants;7
2019-02;breaking;news;dentsply;32
2019-02;news;dentsply;sirona;32
2019-02;dentsply;sirona;manufacturer;32
2019-02;sirona;manufacturer;world;32
2019-02;manufacturer;world;admitted;32
2019-02;world;admitted;funding;32
2019-02;admitted;funding;research;32
2019-02;funding;research;dogs;32
2019-02;research;dogs;gothenburg;32
2019-02;dogs;gothenburg;please;32
2019-03;meoplant;medical;showcases;12
2019-03;medical;showcases;star;12
2019-03;showcases;star;system;12
2019-03;traditional;dentures;make;11
2019-03;dentures;make;eating;11
2019-03;make;eating;certain;11
2019-03;eating;certain;foods;11
2019-03;certain;foods;difficult;11
2019-03;foods;difficult;present;11
2019-03;difficult;present;type;11
2019-04;bone;grafting;bone;31
2019-04;grafting;bone;grafting;31
2019-04;system;straumann;available;19
2019-04;straumann;available;europe;19
2019-04;check;torque;wrench;16
2019-04;check;driver;straumann;14
2019-04;driver;straumann;star;14
2019-04;short;long;drivers;14
2019-04;kind;complications;might;13
2019-04;complications;might;occur;13
2019-05;study;disproves;need;20
2019-05;disproves;need;antibiotic;20
2019-05;need;antibiotic;prophylaxis;20
2019-05;antibiotic;prophylaxis;prevention;20
2019-05;prophylaxis;prevention;infections;20
2019-05;know;placed;omss;19
2019-05;placed;omss;overall;19
2019-05;omss;overall;success;19
2019-05;overall;success;rate;19
2019-05;success;rate;learn;19
2019-06;lock;abutment;full;21
2019-06;abutment;full;conical;21
2019-06;full;conical;connection;21
2019-06;conical;connection;nobel;21
2019-06;connection;nobel;lock;18
2019-06;nobel;lock;abutment;18
2019-06;cylindrical;body;internal;8
2019-06;body;internal;sterilized;8
2019-06;internal;sterilized;titanium;8
2019-06;spiral;conical;connection;8
2019-07;different;types;restoration;16
2019-07;types;restoration;know;16
2019-07;restoration;know;different;9
2019-07;know;different;types;8
2019-07;really;replace;tooth;5
2019-07;replace;tooth;dentalimplants;5
2019-07;tooth;dentalimplants;cosmeticdentistry;5
2019-07;important;facts;help;5
2019-07;facts;help;make;5
2019-07;help;make;right;5
2019-08;check;torque;wrench;31
2019-08;drivers;short;long;30
2019-08;short;long;straumann;27
2019-08;check;drivers;universal;21
2019-08;long;straumann;check;21
2019-08;torque;wrench;drivers;19
2019-08;check;drivers;straumann;18
2019-08;wrench;drivers;short;17
2019-08;straumann;check;drivers;16
2019-08;short;long;drivers;12
2019-09;different;types;restoration;22
2019-09;types;restoration;know;22
2019-09;titanium;used;create;19
2019-09;used;create;posts;19
2019-09;restoration;know;different;18
2019-09;know;different;types;18
2019-09;create;posts;titanium;14
2019-09;posts;titanium;used;14
2019-09;make;beautiful;restoration;13
2019-09;sinus;lifting;open;13
2019-10;torque;wrench;drivers;40
2019-10;drivers;short;long;37
2019-10;check;torque;wrench;37
2019-10;wrench;drivers;short;34
2019-10;short;long;check;33
2019-10;different;types;restoration;33
2019-10;types;restoration;know;33
2019-10;restoration;know;different;26
2019-10;know;different;types;26
2019-10;long;check;torque;23
2019-11;different;types;restoration;40
2019-11;types;restoration;know;40
2019-11;restoration;know;different;33
2019-11;know;different;types;33
2019-11;sedation;wisdom;teeth;9
2019-11;wisdom;teeth;surgical;9
2019-11;teeth;surgical;exposure;9
2019-11;surgical;exposure;orthognatic;9
2019-11;exposure;orthognatic;surgery;9
2019-11;orthognatic;surgery;oral;9
2019-12;researchers;developed;gatormade;2
2019-12;developed;gatormade;antibacterial;2
2019-12;gatormade;antibacterial;coating;2
2019-12;antibacterial;coating;reduces;2
2019-12;coating;reduces;progression;2
2019-12;factors;affecting;survival;1
2019-12;affecting;survival;rate;1
2019-12;survival;rate;retrospective;1
2019-12;rate;retrospective;study;1
2019-12;retrospective;study;modeling;1
