2016-07;allendaledentalimplants;fortleedentalimplants;200
2016-07;jersey;allendaledentalimplants;200
2016-07;best;jersey;200
2016-07;fortleedentalimplants;garfielddenta;200
2016-07;garfielddenta;best;199
2016-07;advertising;campaign;64
2016-07;clever;advertising;63
2016-07;campaign;clever;47
2016-07;beautiful;smile;25
2016-07;help;replace;22
2016-08;teeth;removed;343
2016-08;removed;place;338
2016-08;place;health;338
2016-08;health;teeth;311
2016-08;wellness;benefits;274
2016-08;benefits;notes;274
2016-08;point;numerous;274
2016-08;notes;smile;274
2016-08;numerous;wellness;274
2016-08;smile;point;260
2016-09;came;conversation;136
2016-09;knew;came;136
2016-09;conversation;knew;80
2016-09;testing;work;39
2016-09;help;replace;39
2016-09;used;testing;39
2016-09;work;funding;38
2016-09;funding;help;38
2016-09;beautiful;smile;25
2016-09;animals;used;25
2016-10;surgery;surgery;50
2016-10;testing;work;44
2016-10;animals;used;44
2016-10;used;testing;44
2016-10;work;funding;43
2016-10;help;replace;43
2016-10;funding;help;43
2016-10;know;animals;32
2016-10;rejectedusesforcandycorn;rejectedusesforcandycorn;21
2016-10;pain;houston;20
2016-11;known;father;38
2016-11;behind;like;38
2016-11;osseointegration;science;38
2016-11;father;osseointegration;38
2016-11;science;behind;38
2016-11;brånemark;known;38
2016-11;like;brånemark;37
2016-11;surgery;surgery;34
2016-11;experience;like;31
2016-11;tried;experience;31
2016-12;online;shopping;128
2016-12;online;shop;118
2016-12;much;cost;113
2016-12;full;mouth;77
2016-12;mark;charged;74
2016-12;dentists;hospitals;74
2016-12;hospitals;mark;74
2016-12;cost;full;70
2016-12;average;cost;66
2016-12;shop;online;61
2017-01;change;smile;57
2017-01;much;cost;57
2017-01;change;life;50
2017-01;clear;choice;48
2017-01;average;cost;47
2017-01;smile;change;45
2017-01;best;best;44
2017-01;full;mouth;44
2017-01;life;changing;31
2017-01;used;testing;29
2017-02;best;country;576
2017-02;country;best;525
2017-02;benefits;offered;22
2017-02;offered;dentist;22
2017-02;really;life;22
2017-02;life;changing;22
2017-02;dentist;near;22
2017-02;herald;square;22
2017-02;near;herald;22
2017-02;square;benefits;20
2017-03;toblerone;freezer;79
2017-03;haunt;toblerone;79
2017-03;palate;reconstruction;79
2017-03;reconstruction;flashbacks;79
2017-03;flashbacks;haunt;79
2017-03;freezer;said;79
2017-03;said;palate;70
2017-03;clear;choice;37
2017-03;full;mouth;25
2017-03;order;read;20
2017-04;would;prefer;45
2017-04;bridges;would;42
2017-04;oral;surgery;26
2017-04;change;life;25
2017-04;diet;dishes;24
2017-04;change;diet;24
2017-04;dishes;surgery;24
2017-04;surgery;change;23
2017-04;nothing;wrong;22
2017-04;pain;nothing;22
2017-05;thank;doctor;45
2017-05;doctor;painless;45
2017-05;painless;thank;39
2017-05;oral;surgery;31
2017-05;bridges;would;25
2017-05;would;prefer;25
2017-05;change;live;23
2017-05;truly;change;23
2017-05;procedures;painful;23
2017-05;fear;oral;23
2017-06;dentist;health;29
2017-06;dentalimplant;dentist;29
2017-06;health;news;29
2017-06;news;healthcare;29
2017-06;need;dentalimplant;29
2017-06;full;mouth;28
2017-06;interesting;case;26
2017-06;mouth;rehabilitation;26
2017-06;oral;surgery;26
2017-06;life;changed;26
2017-07;tooth;loss;64
2017-07;lupus;need;62
2017-07;graduated;college;59
2017-07;need;graduated;58
2017-07;asking;everyone;57
2017-07;smile;lupus;56
2017-07;help;asking;56
2017-07;need;smile;55
2017-07;everyone;anyone;55
2017-07;smile;help;50
2017-08;raising;money;18
2017-08;click;donate;18
2017-08;rapid;test;15
2017-08;test;inflammation;15
2017-08;occasionally;entail;14
2017-08;chewing;rapid;14
2017-08;inflammation;occasionally;14
2017-08;funding;work;13
2017-08;liked;video;13
2017-08;entail;complications;13
2017-09;knew;came;62
2017-09;came;conversation;62
2017-09;robot;china;57
2017-09;biomat;pioneering;52
2017-09;manufacturer;advanced;52
2017-09;pioneering;manufacturer;52
2017-09;advanced;piece;52
2017-09;piece;biomat;50
2017-09;chinese;printed;43
2017-09;printed;surgery;43
2017-10;called;substitooth;145
2017-10;substitooth;called;90
2017-10;missing;teeth;51
2017-10;million;americans;48
2017-10;teeth;jaws;48
2017-10;americans;missing;48
2017-10;jaws;come;48
2017-10;liked;video;35
2017-10;come;million;33
2017-10;came;conversation;24
2017-11;needs;install;211
2017-11;install;kidding;196
2017-11;help;bills;196
2017-11;bills;needs;196
2017-11;retwitt;need;192
2017-11;kidding;retwitt;192
2017-11;need;help;162
2017-11;smiling;stop;63
2017-11;sean;show;63
2017-11;advertising;sean;63
2017-12;check;check;472
2017-12;lost;teeth;110
2017-12;improve;appearance;109
2017-12;effective;ways;109
2017-12;ways;improve;109
2017-12;restore;lost;109
2017-12;appearance;restore;109
2017-12;teeth;effective;105
2017-12;beautiful;smile;46
2017-12;full;mouth;36
2018-01;improve;appearance;52
2018-01;ways;improve;51
2018-01;effective;ways;51
2018-01;appearance;restore;51
2018-01;lost;teeth;51
2018-01;restore;lost;51
2018-01;teeth;effective;50
2018-01;liked;video;25
2018-01;designer;manufacturer;19
2018-01;swedish;business;19
2018-02;quick;article;70
2018-02;fence;quick;70
2018-02;article;explains;70
2018-02;explains;could;38
2018-02;skilful;placement;29
2018-02;experienced;surgeons;29
2018-02;specialised;skilful;29
2018-02;body;experienced;29
2018-02;surgeons;specialised;29
2018-02;large;body;29
2018-03;click;donate;20
2018-03;raising;money;19
2018-03;article;dentist;17
2018-03;anon;shares;17
2018-03;bridges;would;17
2018-03;interesting;qanon;17
2018-03;would;prefer;17
2018-03;greatawakening;wethepeople;17
2018-03;qanon;greatawakening;17
2018-03;dentist;interesting;17
2018-04;sent;check;132
2018-04;check;even;132
2018-04;even;sent;110
2018-04;teeth;americans;84
2018-04;huge;portion;84
2018-04;fake;teeth;84
2018-04;portion;fake;84
2018-04;americans;mouths;84
2018-04;mouths;made;83
2018-04;made;china;83
2018-05;saudi;saudiarabia;15
2018-05;saudiarabia;riyadh;15
2018-05;riyadh;symposium;15
2018-05;riyadh;doctors;15
2018-05;symposium;saudi;15
2018-05;doctors;riyadh;12
2018-05;surgery;pain;8
2018-05;positioned;jawbone;7
2018-05;replace;missing;7
2018-05;metal;posts;7
2018-07;knew;came;5
2018-07;came;conversation;5
2018-07;foods;love;4
2018-07;change;life;4
2018-07;changing;smile;4
2018-07;really;life;4
2018-07;step;surgery;4
2018-07;life;changing;4
2018-07;love;confidence;4
2018-07;surgery;gary;4
2018-08;much;cost;39
2018-08;disadvantages;extremely;14
2018-08;extremely;safe;14
2018-08;cons;despite;14
2018-08;pros;cons;14
2018-08;despite;mentioned;14
2018-08;mentioned;disadvantages;14
2018-08;safe;contact;14
2018-08;surgery;among;13
2018-08;crosssectional;survey;13
2018-09;much;cost;63
2018-09;raising;money;37
2018-09;click;donate;37
2018-09;liked;video;29
2018-09;came;conversation;16
2018-09;knew;came;15
2018-09;beauty;smile;15
2018-09;work;first;14
2018-09;placed;jawbone;12
2018-09;post;placed;12
2018-10;much;cost;82
2018-10;liked;video;26
2018-10;cost;much;21
2018-10;came;conversation;15
2018-10;knew;came;15
2018-10;raising;money;14
2018-10;click;donate;14
2018-10;articles;place;14
2018-10;cost;city;11
2018-10;place;articles;10
2018-11;liked;video;48
2018-11;raising;money;45
2018-11;click;donate;44
2018-11;much;cost;34
2018-11;date;back;26
2018-11;ancient;mayans;25
2018-11;hammered;pieces;25
2018-11;back;ancient;25
2018-11;believe;date;25
2018-11;mayans;hammered;25
2018-12;liked;video;42
2018-12;check;remover;24
2018-12;much;cost;22
2018-12;remover;removal;18
2018-12;removal;rescue;18
2018-12;rescue;surgical;18
2018-12;back;back;16
2018-12;steak;back;16
2018-12;eating;foods;16
2018-12;foods;love;16
