2016-07;mini;need;mini;32
2016-07;need;mini;dentalimplants;32
2016-07;mini;dentalimplants;minidental;32
2016-07;aftercare;important;success;24
2016-07;good;aftercare;important;24
2016-07;success;good;aftercare;23
2016-07;important;success;good;23
2016-07;dentalimplants;minidental;mini;22
2016-07;minidental;mini;need;22
2016-07;check;torque;wrench;20
2016-08;teeth;right;mouth;72
2016-08;grow;teeth;right;72
2016-08;israeli;industry;years;36
2016-08;industry;years;exported;36
2016-08;million;technical;products;36
2016-08;technical;products;lead;36
2016-08;exported;million;technical;36
2016-08;years;exported;million;36
2016-08;study;teach;model;30
2016-08;teeth;study;teach;30
2016-09;around;thousands;years;53
2016-09;thousands;years;ancient;53
2016-09;ancient;phoenicians;used;53
2016-09;years;ancient;phoenicians;53
2016-09;phoenicians;used;gold;53
2016-09;know;around;thousands;53
2016-09;gold;know;around;51
2016-09;used;gold;know;51
2016-09;teeth;study;teach;38
2016-09;study;teach;model;38
2016-10;professionals;offers;australian;132
2016-10;offers;australian;approved;132
2016-10;australian;approved;high;132
2016-10;approved;high;quality;132
2016-10;high;quality;professionals;127
2016-10;quality;professionals;offers;127
2016-10;study;teach;model;44
2016-10;teeth;study;teach;44
2016-10;demonstration;teeth;study;25
2016-10;need;maui;provides;25
2016-11;reduction;contra;angle;53
2016-11;contra;angle;handpiece;51
2016-11;simple;explanation;process;34
2016-11;explanation;process;simple;31
2016-11;process;simple;explanation;31
2016-11;teeth;study;teach;28
2016-11;study;teach;model;28
2016-11;style;reduction;contra;23
2016-11;straight;abutment;shoulder;20
2016-11;spiral;sterile;ready;20
2016-12;hydrualic;press;ceramic;235
2016-12;press;ceramic;hydrualic;193
2016-12;ceramic;hydrualic;press;193
2016-12;evolution;challenging;school;157
2016-12;school;thought;looking;134
2016-12;thought;looking;established;134
2016-12;challenging;school;thought;134
2016-12;looking;established;evolution;130
2016-12;established;evolution;challenging;130
2016-12;antibacterial;activity;designed;101
2017-01;drug;reservoir;reduces;178
2017-01;reservoir;reduces;infection;176
2017-01;reduces;infection;risk;174
2017-01;antibacterial;activity;designed;120
2017-01;activity;designed;facilitate;120
2017-01;designed;facilitate;integration;117
2017-01;facilitate;integration;bone;101
2017-01;reduction;contra;angle;81
2017-01;reservoir;reduces;risk;73
2017-01;reduces;risk;infections;73
2017-02;reduction;contra;angle;43
2017-02;contra;angle;handpiece;38
2017-02;check;torque;wrench;30
2017-02;good;smile;oral;23
2017-02;smile;oral;health;23
2017-02;oral;health;titanium;23
2017-02;titanium;nurtures;bone;23
2017-02;health;titanium;nurtures;23
2017-02;grow;teeth;mouth;21
2017-02;million;americans;successful;14
2017-03;professionals;earns;accreditation;119
2017-03;accreditation;professionals;earns;116
2017-03;earns;accreditation;professionals;116
2017-03;check;torque;wrench;65
2017-03;researchers;create;approach;40
2017-03;reduce;risk;failure;40
2017-03;create;approach;reduce;40
2017-03;approach;reduce;risk;40
2017-03;nanocoating;successful;nanocoating;27
2017-03;successful;method;reduce;27
2017-04;system;generate;leads;69
2017-04;tech;company;launches;69
2017-04;launches;system;generate;69
2017-04;company;launches;system;69
2017-04;generate;leads;industry;69
2017-04;leads;industry;tech;67
2017-04;industry;tech;company;67
2017-04;maui;look;maui;27
2017-04;look;maui;look;24
2017-04;three;facts;three;22
2017-05;broken;screw;removal;52
2017-05;screw;removal;remover;49
2017-05;removal;remover;retrieval;49
2017-05;remover;retrieval;restoration;49
2017-05;people;used;shells;45
2017-05;maui;benefits;maui;45
2017-05;first;form;used;45
2017-05;mayan;people;used;45
2017-05;know;first;form;45
2017-05;form;used;mayan;45
2017-06;broken;screw;removal;59
2017-06;screw;removal;remover;58
2017-06;removal;remover;retrieval;58
2017-06;remover;retrieval;restoration;58
2017-06;centuries;throughout;cultures;31
2017-06;history;across;centuries;31
2017-06;across;centuries;throughout;31
2017-06;rich;interesting;history;31
2017-06;throughout;cultures;around;31
2017-06;interesting;history;across;31
2017-07;broken;screw;removal;62
2017-07;screw;removal;remover;61
2017-07;removal;remover;retrieval;61
2017-07;remover;retrieval;restoration;61
2017-07;professionals;offers;generation;38
2017-07;generation;digital;guided;37
2017-07;digital;guided;systems;37
2017-07;offers;generation;digital;37
2017-07;systems;professionals;offers;31
2017-07;guided;systems;professionals;31
2017-08;million;americans;successful;73
2017-08;successful;million;americans;60
2017-08;americans;successful;million;60
2017-08;screw;removal;remover;54
2017-08;removal;remover;retrieval;54
2017-08;broken;screw;removal;54
2017-08;remover;retrieval;restoration;54
2017-08;generation;printed;medical;46
2017-08;next;generation;printed;46
2017-08;printed;medical;could;45
2017-09;active;nobelactive;sealed;68
2017-09;biocare;active;nobelactive;68
2017-09;nobel;biocare;active;68
2017-09;screw;removal;remover;57
2017-09;removal;remover;retrieval;57
2017-09;broken;screw;removal;57
2017-09;remover;retrieval;restoration;57
2017-09;sealed;nobel;biocare;45
2017-09;nobelactive;sealed;nobel;45
2017-09;plastic;temp;coping;32
2017-10;everything;needed;know;90
2017-10;know;everything;needed;82
2017-10;needed;know;everything;81
2017-10;features;doctor;prescriptions;69
2017-10;know;positive;features;69
2017-10;positive;features;doctor;69
2017-10;prescriptions;know;positive;67
2017-10;doctor;prescriptions;know;67
2017-10;foundation;artificial;teeth;39
2017-10;provide;foundation;artificial;39
2017-11;biocare;tapered;groovy;38
2017-11;nobel;biocare;tapered;38
2017-11;know;positive;features;36
2017-11;positive;features;medaka;36
2017-11;features;medaka;doctor;36
2017-11;doctor;know;positive;33
2017-11;medaka;doctor;know;33
2017-11;professionals;offers;australian;25
2017-11;offers;australian;approved;25
2017-11;approved;certified;sydney;25
2017-12;advantages;advantages;advantages;74
2017-12;know;positive;features;39
2017-12;positive;features;medaka;39
2017-12;features;medaka;doctor;39
2017-12;doctor;know;positive;37
2017-12;medaka;doctor;know;37
2017-12;grow;teeth;mouth;29
2017-12;cell;grow;teeth;28
2017-12;stem;cell;grow;28
2017-12;reduction;contra;angle;27
2018-01;used;used;used;19
2018-01;know;need;know;18
2018-01;need;know;need;18
2018-01;success;rate;percent;17
2018-01;overall;success;rate;17
2018-01;know;overall;success;17
2018-01;rate;percent;beat;16
2018-01;percent;beat;odds;16
2018-01;tooth;mini;right;12
2018-01;mini;right;learn;12
2018-02;adin;systems;announce;234
2018-02;spineguard;adin;systems;233
2018-02;placement;nytimes;reuters;228
2018-02;alsgd;announce;technology;228
2018-02;announce;spineguard;adin;228
2018-02;systems;announce;spineguard;228
2018-02;technology;placement;nytimes;228
2018-02;alsgd;spineguard;adin;228
2018-02;announce;technology;placement;228
2018-02;nytimes;reuters;bloomberg;228
2018-03;spineguard;adin;systems;219
2018-03;adin;systems;announce;218
2018-03;announce;spineguard;adin;217
2018-03;systems;announce;spineguard;217
2018-03;alsgd;spineguard;adin;217
2018-03;technology;placement;nytimes;212
2018-03;alsgd;announce;technology;212
2018-03;announce;technology;placement;212
2018-03;placement;nytimes;reuters;212
2018-03;nytimes;reuters;bloomberg;212
2018-04;announces;australian;approved;98
2018-04;australian;approved;brands;98
2018-04;sydney;announces;australian;98
2018-04;tooth;sydney;announces;98
2018-04;brands;tooth;sydney;95
2018-04;approved;brands;tooth;95
2018-04;origin;origin;origin;77
2018-04;need;know;restoration;20
2018-04;know;restoration;fact;20
2018-04;adin;systems;announce;16
2018-05;heard;mini;theyre;10
2018-05;mini;theyre;affordable;10
2018-05;theyre;affordable;learn;10
2018-05;affordable;learn;heard;9
2018-05;learn;heard;mini;9
2018-05;grafts;used;number;5
2018-05;amount;bone;insufficient;5
2018-05;bone;grafting;used;5
2018-05;number;facial;issues;5
2018-05;issues;often;required;5
2018-07;provides;unique;protocol;8
2018-07;cleaning;system;provides;8
2018-07;system;provides;unique;8
2018-07;galvosurge;cleaning;system;8
2018-07;unique;protocol;decontamination;6
2018-07;amount;bone;insufficient;3
2018-07;decontamination;galvosurge;cleaning;3
2018-07;bone;grafting;used;3
2018-07;used;amount;bone;3
2018-07;insufficient;soft;support;3
2018-08;zirconia;versus;titanium;5
2018-08;versus;titanium;need;5
2018-08;need;dentalimplants;dentist;5
2018-08;titanium;need;dentalimplants;5
2018-08;grow;teeth;mouth;4
2018-08;mouth;grow;teeth;3
2018-08;news;tonight;seeing;3
2018-08;teeth;mouth;grow;3
2018-08;seeing;commercials;apparently;3
2018-08;cable;news;tonight;3
2018-09;invisalign;complete;smile;8
2018-09;full;mouth;restoration;8
2018-09;makeover;full;mouth;8
2018-09;braces;invisalign;complete;8
2018-09;smile;makeover;full;8
2018-09;complete;smile;makeover;8
2018-09;mouth;restoration;help;8
2018-09;bone;graft;exactly;5
2018-09;exactly;need;restore;5
2018-09;enough;bone;anchor;5
2018-10;william;locante;ceramic;77
2018-10;expert;dentist;nashville;77
2018-10;ceramic;expert;dentist;77
2018-10;named;william;locante;77
2018-10;locante;ceramic;expert;77
2018-10;nashville;named;william;76
2018-10;takeaways;imaging;takeaways;76
2018-10;dentist;nashville;named;76
2018-10;imaging;takeaways;imaging;76
2018-10;made;titanium;dentalimplants;15
2018-11;graft;provide;sufficient;15
2018-11;provide;sufficient;support;15
2018-11;bone;graft;provide;15
2018-11;artificial;tooth;root;13
2018-11;tooth;root;made;12
2018-11;know;changes;robert;12
2018-11;embody;begbie;dentist;12
2018-11;carlyle;made;embody;12
2018-11;made;embody;begbie;12
2018-11;root;made;titanium;12
2018-12;check;torque;wrench;73
2018-12;short;long;check;55
2018-12;straumann;torque;wrench;54
2018-12;check;drivers;straumann;51
2018-12;long;short;torque;51
2018-12;check;drivers;universal;49
2018-12;check;straumann;torque;47
2018-12;torque;wrench;adapter;37
2018-12;torque;wrench;drivers;33
2018-12;long;check;drivers;33
