2016-07;jersey;allendaledentalimplants;fortleedentalimplants;200
2016-07;best;jersey;allendaledentalimplants;200
2016-07;allendaledentalimplants;fortleedentalimplants;garfielddenta;200
2016-07;garfielddenta;best;jersey;199
2016-07;fortleedentalimplants;garfielddenta;best;199
2016-07;clever;advertising;campaign;63
2016-07;advertising;campaign;clever;47
2016-07;campaign;clever;advertising;47
2016-07;hide;beautiful;smile;18
2016-07;project;help;replace;17
2016-08;removed;place;health;338
2016-08;teeth;removed;place;338
2016-08;health;teeth;removed;310
2016-08;place;health;teeth;310
2016-08;wellness;benefits;notes;274
2016-08;point;numerous;wellness;274
2016-08;benefits;notes;smile;274
2016-08;numerous;wellness;benefits;274
2016-08;smile;point;numerous;260
2016-08;notes;smile;point;260
2016-09;knew;came;conversation;136
2016-09;came;conversation;knew;80
2016-09;conversation;knew;came;80
2016-09;used;testing;work;39
2016-09;testing;work;funding;38
2016-09;funding;help;replace;38
2016-09;work;funding;help;38
2016-09;animals;used;testing;25
2016-09;tried;experience;like;23
2016-09;oral;healthy;beautiful;23
2016-10;animals;used;testing;44
2016-10;used;testing;work;44
2016-10;funding;help;replace;43
2016-10;testing;work;funding;43
2016-10;work;funding;help;43
2016-10;know;animals;used;32
2016-10;pain;houston;services;20
2016-10;minimal;tooth;pain;20
2016-10;tooth;pain;houston;20
2016-10;tried;experience;like;19
2016-11;father;osseointegration;science;38
2016-11;osseointegration;science;behind;38
2016-11;science;behind;like;38
2016-11;brånemark;known;father;38
2016-11;known;father;osseointegration;38
2016-11;behind;like;brånemark;37
2016-11;like;brånemark;known;37
2016-11;tried;experience;like;31
2016-11;knew;came;conversation;17
2016-11;need;click;donate;16
2016-12;dentists;hospitals;mark;74
2016-12;hospitals;mark;charged;74
2016-12;cost;full;mouth;63
2016-12;charged;dentists;hospitals;59
2016-12;mark;charged;dentists;59
2016-12;ceramic;hydraulic;press;34
2016-12;much;full;cost;34
2016-12;crushing;ceramic;hydraulic;34
2016-12;video;crushing;ceramic;34
2016-12;liked;video;crushing;32
2017-01;smile;change;life;45
2017-01;change;smile;change;45
2017-01;best;best;best;43
2017-01;life;changing;patients;29
2017-01;really;life;changing;29
2017-01;forgt;mention;online;28
2017-01;online;dating;hard;28
2017-01;mention;online;dating;28
2017-01;told;forgt;mention;28
2017-01;change;life;change;22
2017-02;country;best;country;525
2017-02;best;country;best;525
2017-02;benefits;offered;dentist;22
2017-02;near;herald;square;22
2017-02;dentist;near;herald;22
2017-02;offered;dentist;near;22
2017-02;really;life;changing;22
2017-02;herald;square;benefits;20
2017-02;square;benefits;offered;20
2017-02;knew;came;conversation;16
2017-03;toblerone;freezer;said;79
2017-03;haunt;toblerone;freezer;79
2017-03;palate;reconstruction;flashbacks;79
2017-03;flashbacks;haunt;toblerone;79
2017-03;reconstruction;flashbacks;haunt;79
2017-03;freezer;said;palate;70
2017-03;said;palate;reconstruction;70
2017-03;step;step;order;20
2017-03;read;dentalimplants;clearwaterfl;20
2017-03;thoughts;step;step;20
2017-04;bridges;would;prefer;42
2017-04;change;diet;dishes;24
2017-04;diet;dishes;surgery;24
2017-04;surgery;change;diet;23
2017-04;dishes;surgery;change;22
2017-04;pain;nothing;wrong;22
2017-04;sources;pain;nothing;22
2017-04;funding;work;save;19
2017-04;help;funding;work;19
2017-04;work;save;animals;19
2017-05;thank;doctor;painless;45
2017-05;doctor;painless;thank;39
2017-05;painless;thank;doctor;39
2017-05;bridges;would;prefer;25
2017-05;change;live;life;23
2017-05;fear;oral;surgery;23
2017-05;oral;surgery;keep;23
2017-05;life;fear;oral;23
2017-05;truly;change;live;23
2017-05;live;life;fear;23
2017-06;health;news;healthcare;29
2017-06;dentist;health;news;29
2017-06;dentalimplant;dentist;health;29
2017-06;need;dentalimplant;dentist;29
2017-06;interesting;case;full;26
2017-06;case;full;mouth;26
2017-06;rehabilitation;life;changed;26
2017-06;life;changed;aboutdent;26
2017-06;full;mouth;rehabilitation;26
2017-06;mouth;rehabilitation;life;26
2017-07;lupus;need;graduated;58
2017-07;need;graduated;college;58
2017-07;smile;lupus;need;56
2017-07;help;asking;everyone;55
2017-07;need;smile;lupus;55
2017-07;asking;everyone;anyone;54
2017-07;smile;help;asking;50
2017-07;anyone;need;smile;49
2017-07;everyone;anyone;need;49
2017-07;graduated;college;want;40
2017-08;rapid;test;inflammation;15
2017-08;test;inflammation;occasionally;14
2017-08;chewing;rapid;test;14
2017-08;inflammation;occasionally;entail;14
2017-08;funding;work;save;13
2017-08;test;funding;work;13
2017-08;animals;used;test;13
2017-08;occasionally;entail;complications;13
2017-08;know;animals;used;13
2017-08;work;save;used;13
2017-09;knew;came;conversation;62
2017-09;pioneering;manufacturer;advanced;52
2017-09;biomat;pioneering;manufacturer;52
2017-09;manufacturer;advanced;piece;52
2017-09;advanced;piece;biomat;50
2017-09;piece;biomat;pioneering;50
2017-09;used;chinese;printed;43
2017-09;robot;used;chinese;43
2017-09;chinese;printed;surgery;43
2017-09;autonomous;robot;china;30
2017-10;substitooth;called;substitooth;90
2017-10;called;substitooth;called;90
2017-10;missing;teeth;jaws;48
2017-10;million;americans;missing;48
2017-10;teeth;jaws;come;48
2017-10;americans;missing;teeth;48
2017-10;jaws;come;million;33
2017-10;come;million;americans;33
2017-10;beautiful;healthy;smile;23
2017-10;want;generate;patients;23
2017-11;needs;install;kidding;196
2017-11;bills;needs;install;196
2017-11;help;bills;needs;196
2017-11;kidding;retwitt;need;192
2017-11;install;kidding;retwitt;192
2017-11;need;help;bills;157
2017-11;retwitt;need;help;151
2017-11;advertising;sean;show;63
2017-11;stop;advertising;sean;63
2017-11;smiling;stop;advertising;63
2017-12;check;check;check;469
2017-12;improve;appearance;restore;109
2017-12;appearance;restore;lost;109
2017-12;restore;lost;teeth;109
2017-12;ways;improve;appearance;109
2017-12;effective;ways;improve;109
2017-12;lost;teeth;effective;105
2017-12;teeth;effective;ways;105
2017-12;book;consultation;today;33
2017-12;consultation;today;find;32
2018-01;improve;appearance;restore;51
2018-01;ways;improve;appearance;51
2018-01;effective;ways;improve;51
2018-01;appearance;restore;lost;51
2018-01;restore;lost;teeth;51
2018-01;lost;teeth;effective;50
2018-01;teeth;effective;ways;50
2018-01;manufacturer;neoss;acquires;19
2018-01;neoss;acquires;swedish;19
2018-01;acquires;swedish;business;19
2018-02;quick;article;explains;70
2018-02;fence;quick;article;70
2018-02;article;explains;could;37
2018-02;large;body;experienced;29
2018-02;surgeons;specialised;skilful;29
2018-02;experienced;surgeons;specialised;29
2018-02;interested;large;body;29
2018-02;skilful;placement;implan;29
2018-02;specialised;skilful;placement;29
2018-02;body;experienced;surgeons;29
2018-03;dentist;interesting;qanon;17
2018-03;article;dentist;interesting;17
2018-03;greatawakening;wethepeople;truthbelongswiththepe;17
2018-03;qanon;greatawakening;wethepeople;17
2018-03;interesting;qanon;greatawakening;17
2018-03;anon;shares;article;17
2018-03;bridges;would;prefer;17
2018-03;shares;article;dentist;17
2018-03;needed;click;donate;16
2018-03;quick;article;explains;15
2018-04;sent;check;even;132
2018-04;check;even;sent;110
2018-04;even;sent;check;110
2018-04;portion;fake;teeth;84
2018-04;huge;portion;fake;84
2018-04;fake;teeth;americans;84
2018-04;teeth;americans;mouths;84
2018-04;americans;mouths;made;83
2018-04;mouths;made;china;83
2018-04;made;china;targe;82
2018-05;saudi;saudiarabia;riyadh;15
2018-05;riyadh;symposium;saudi;15
2018-05;saudiarabia;riyadh;doctors;15
2018-05;symposium;saudi;saudiarabia;15
2018-05;riyadh;doctors;riyadh;12
2018-05;doctors;riyadh;symposium;12
2018-05;surgically;positioned;jawbone;7
2018-05;positioned;jawbone;beneath;7
2018-05;frames;surgically;positioned;7
2018-05;surgery;pain;management;7
2018-07;knew;came;conversation;5
2018-07;step;surgery;gary;4
2018-07;love;confidence;back;4
2018-07;really;life;changing;4
2018-07;changing;smile;foods;4
2018-07;smile;foods;love;4
2018-07;life;changing;smile;4
2018-07;foods;love;confidence;4
2018-07;step;step;surgery;4
2018-07;people;like;understand;3
2018-08;extremely;safe;contact;14
2018-08;mentioned;disadvantages;extremely;14
2018-08;pros;cons;despite;14
2018-08;disadvantages;extremely;safe;14
2018-08;cons;despite;mentioned;14
2018-08;despite;mentioned;disadvantages;14
2018-08;prophylaxis;habits;surgery;13
2018-08;surgery;among;dentists;13
2018-08;spain;crosssectional;survey;13
2018-08;habits;surgery;among;13
2018-09;knew;came;conversation;15
2018-09;restores;function;teeth;12
2018-09;function;teeth;restores;12
2018-09;surgery;click;donate;12
2018-09;restores;beauty;smile;12
2018-09;teeth;restores;beauty;12
2018-09;first;post;placed;12
2018-09;raising;money;surgery;12
2018-09;money;surgery;click;12
2018-09;work;first;post;12
2018-10;cost;much;cost;17
2018-10;much;cost;much;17
2018-10;knew;came;conversation;15
2018-10;place;articles;place;10
2018-10;among;respiratory;diseases;9
2018-10;respiratory;diseases;inhalation;9
2018-10;noted;among;respiratory;9
2018-10;diseases;inhalation;silica;9
2018-10;silica;compounds;used;9
2018-10;inhalation;silica;compounds;9
2018-11;back;ancient;mayans;25
2018-11;mayans;hammered;pieces;25
2018-11;date;back;ancient;25
2018-11;believe;date;back;25
2018-11;ancient;mayans;hammered;25
2018-11;pieces;believe;date;23
2018-11;hammered;pieces;believe;23
2018-11;pages;science;fiction;19
2018-11;science;fiction;pentagon;19
2018-11;right;pages;science;19
2018-12;removal;rescue;surgical;18
2018-12;remover;removal;rescue;18
2018-12;check;remover;removal;17
2018-12;back;back;eating;16
2018-12;eating;foods;love;16
2018-12;back;eating;foods;16
2018-12;steak;back;back;16
2018-12;liked;video;cost;15
2018-12;change;lives;book;12
2018-12;book;consultation;today;12
