2016-07;announces;availability;leading;220
2016-07;marco;cueva;announces;220
2016-07;cueva;announces;availability;220
2016-07;leading;marco;cueva;204
2016-07;availability;leading;marco;204
2016-07;dentist;darryl;burke;132
2016-07;burke;general;dentistry;132
2016-07;burke;staff;burke;132
2016-07;staff;burke;general;132
2016-07;darryl;burke;staff;132
2016-08;goodbye;grow;teeth;113
2016-08;grow;teeth;weeks;109
2016-08;discovery;goodbye;grow;87
2016-08;revolutionary;discovery;goodbye;74
2016-08;improve;overall;health;48
2016-08;health;also;improve;48
2016-08;overall;health;also;48
2016-08;foods;confidence;without;35
2016-08;function;like;teeth;35
2016-08;teeth;allowing;favorite;35
2016-09;replace;lost;teeth;65
2016-09;could;best;option;65
2016-09;option;replace;lost;65
2016-09;best;option;replace;65
2016-09;randomised;trial;radiographic;42
2016-09;radiographic;five;years;42
2016-09;trial;radiographic;five;42
2016-09;five;years;loading;42
2016-09;discovery;goodbye;grow;41
2016-09;surgery;people;choosing;41
2016-10;discovery;goodbye;grow;1312
2016-10;goodbye;grow;teeth;1311
2016-10;grow;teeth;weeks;1307
2016-10;revolutionary;discovery;goodbye;1279
2016-10;teeth;weeks;revolutionary;1262
2016-10;weeks;revolutionary;discovery;1262
2016-10;like;natural;teeth;81
2016-10;function;like;natural;72
2016-10;scaffold;grow;bone;66
2016-10;benefits;produced;right;64
2016-11;added;video;playlist;142
2016-11;like;natural;teeth;39
2016-11;discovery;goodbye;grow;37
2016-11;goodbye;grow;teeth;36
2016-11;nevada;added;video;35
2016-11;grow;teeth;weeks;35
2016-11;care;natural;teeth;32
2016-11;important;care;natural;31
2016-11;natural;teeth;risk;28
2016-11;teeth;risk;complications;28
2016-12;added;video;playlist;88
2016-12;ways;take;care;73
2016-12;care;ways;take;66
2016-12;take;care;ways;66
2016-12;video;playlist;cost;59
2016-12;alberta;added;video;55
2016-12;great;option;lost;40
2016-12;discovery;goodbye;grow;30
2016-12;depends;attention;detail;29
2016-12;success;depends;attention;29
2017-01;installed;installed;installed;1830
2017-01;fauchard;academy;inducts;115
2017-01;inducts;bernard;fialkoff;115
2017-01;elite;group;periodontal;115
2017-01;fialkoff;elite;group;115
2017-01;pierre;fauchard;academy;115
2017-01;academy;inducts;bernard;115
2017-01;bernard;fialkoff;elite;115
2017-01;group;periodontal;pierre;112
2017-01;periodontal;pierre;fauchard;112
2017-02;installed;installed;installed;867
2017-02;installing;installing;installing;169
2017-02;safe;diabetic;patients;40
2017-02;goodbye;grow;teeth;39
2017-02;diabetic;patients;safe;36
2017-02;patients;safe;diabetic;36
2017-02;grow;teeth;weeks;35
2017-02;discovery;goodbye;grow;34
2017-02;good;part;body;27
2017-02;body;effect;success;27
2017-03;successful;method;reduce;206
2017-03;method;reduce;failure;205
2017-03;grow;teeth;weeks;145
2017-03;goodbye;grow;teeth;144
2017-03;identifies;successful;method;89
2017-03;study;identifies;successful;89
2017-03;failure;successful;method;65
2017-03;reduce;failure;successful;62
2017-03;reduce;failure;study;61
2017-03;care;basics;replacement;49
2017-04;goodbye;grow;teeth;81
2017-04;grow;teeth;weeks;81
2017-04;like;natural;teeth;48
2017-04;added;video;playlist;36
2017-04;method;reduce;failure;35
2017-04;successful;method;reduce;35
2017-04;function;like;natural;31
2017-04;considering;learn;article;26
2017-04;identifies;successful;method;25
2017-04;study;identifies;successful;25
2017-05;cell;grow;teeth;94
2017-05;grow;teeth;months;94
2017-05;stem;cell;grow;94
2017-05;designed;last;lifetime;77
2017-05;david;avocado;wolfe;67
2017-05;last;lifetime;designed;67
2017-05;months;david;avocado;67
2017-05;lifetime;designed;last;67
2017-05;teeth;months;david;67
2017-05;like;natural;teeth;34
2017-06;infographic;explained;infographic;291
2017-06;explained;infographic;explained;290
2017-06;grow;teeth;weeks;177
2017-06;goodbye;grow;teeth;176
2017-06;teeth;weeks;goodbye;99
2017-06;weeks;goodbye;grow;99
2017-06;added;video;playlist;47
2017-06;considering;learn;article;41
2017-06;tonight;takes;mins;27
2017-06;cancer;offer;truly;26
2017-07;grow;teeth;weeks;304
2017-07;goodbye;grow;teeth;285
2017-07;teeth;weeks;goodbye;115
2017-07;weeks;goodbye;grow;96
2017-07;added;video;playlist;83
2017-07;credible;reasons;health;76
2017-07;learn;advantages;booost;75
2017-07;done;procedure;learn;75
2017-07;procedure;learn;advantages;75
2017-07;everything;post;best;67
2017-08;grow;teeth;weeks;113
2017-08;damaged;missing;teeth;106
2017-08;option;replace;damaged;106
2017-08;replace;damaged;missing;106
2017-08;popular;option;replace;106
2017-08;missing;teeth;popular;105
2017-08;teeth;popular;option;105
2017-08;goodbye;grow;teeth;89
2017-08;procedures;boon;patients;73
2017-08;boon;patients;health;73
2017-09;installed;installed;installed;294
2017-09;terms;definitions;post;72
2017-09;read;terms;definitions;72
2017-09;post;read;terms;70
2017-09;definitions;post;read;70
2017-09;like;natural;teeth;56
2017-09;considering;learn;article;41
2017-09;look;feel;function;39
2017-09;today;made;look;36
2017-09;made;look;feel;36
2017-10;installed;installed;installed;249
2017-10;added;video;playlist;51
2017-10;good;part;body;43
2017-10;effect;success;find;43
2017-10;body;effect;success;43
2017-10;smoking;good;part;43
2017-10;part;body;effect;43
2017-10;grow;teeth;weeks;31
2017-10;drilling;procedure;hurt;30
2017-10;like;natural;teeth;30
2017-11;installed;installed;installed;165
2017-11;good;part;body;33
2017-11;body;effect;success;33
2017-11;periodontics;welcomes;patients;33
2017-11;smoking;good;part;33
2017-11;part;body;effect;33
2017-11;calem;periodontics;welcomes;33
2017-11;canal;calem;periodontics;33
2017-11;effect;success;find;33
2017-11;dentist;grows;teeth;30
2017-12;installed;installed;installed;39
2017-12;cancer;offer;truly;26
2017-12;canals;cancer;offer;26
2017-12;link;root;canals;26
2017-12;truly;affordable;starting;26
2017-12;root;canals;cancer;26
2017-12;offer;truly;affordable;26
2017-12;finding;affordable;works;25
2017-12;works;finding;affordable;21
2017-12;affordable;works;finding;21
2018-01;installing;installing;installing;40
2018-01;grow;teeth;weeks;39
2018-01;goodbye;grow;teeth;35
2018-01;body;effect;success;33
2018-01;good;part;body;33
2018-01;smoking;good;part;33
2018-01;part;body;effect;33
2018-01;subcommittee;honored;advancing;33
2018-01;honored;advancing;education;33
2018-01;aaoms;subcommittee;honored;33
2018-02;tactics;save;money;56
2018-02;pricey;right;tactics;56
2018-02;right;tactics;save;56
2018-02;save;money;tips;56
2018-02;tooth;also;restores;55
2018-02;missing;tooth;also;55
2018-02;option;replace;look;55
2018-02;replace;look;feel;55
2018-02;look;feel;missing;55
2018-02;feel;missing;tooth;55
2018-03;placement;learn;expect;56
2018-03;facing;placement;learn;56
2018-03;learn;expect;guide;56
2018-03;guide;facing;placement;46
2018-03;expect;guide;facing;46
2018-03;added;video;playlist;41
2018-03;cancer;offer;truly;27
2018-03;canals;cancer;offer;27
2018-03;link;root;canals;27
2018-03;offer;truly;affordable;27
2018-04;added;video;playlist;60
2018-04;cancer;offer;truly;25
2018-04;canals;cancer;offer;25
2018-04;link;root;canals;25
2018-04;offer;truly;affordable;25
2018-04;truly;affordable;starting;25
2018-04;root;canals;cancer;25
2018-04;smile;design;weekend;18
2018-04;dentist;grows;teeth;14
2018-04;grows;teeth;weeks;14
2018-05;added;video;playlist;9
2018-05;grows;teeth;weeks;5
2018-05;cancer;offer;truly;5
2018-05;offer;truly;affordable;5
2018-05;canals;cancer;offer;5
2018-05;root;canals;cancer;5
2018-05;dentist;grows;teeth;5
2018-05;branford;right;option;5
2018-05;truly;affordable;starting;5
2018-05;goodbye;dentist;grows;5
2018-07;tips;austin;professionals;7
2018-07;care;tips;austin;7
2018-07;added;video;playlist;7
2018-07;austin;professionals;suggest;7
2018-07;benefits;care;advise;5
2018-07;professionals;suggest;care;5
2018-07;suggest;care;tips;5
2018-07;like;natural;teeth;5
2018-07;hill;benefits;care;5
2018-07;castle;hill;benefits;5
2018-08;added;video;playlist;15
2018-08;people;growing;every;14
2018-08;healthy;diet;would;14
2018-08;growing;every;year;14
2018-08;number;people;growing;14
2018-08;would;natural;teeth;14
2018-08;maintain;healthy;diet;14
2018-08;diet;would;natural;14
2018-08;think;afford;think;12
2018-08;like;natural;teeth;10
2018-09;added;video;playlist;42
2018-09;like;natural;teeth;34
2018-09;think;afford;think;23
2018-09;solution;tooth;loss;23
2018-09;feel;like;natural;21
2018-09;long;term;solution;19
2018-09;term;solution;tooth;19
2018-09;replace;missing;teeth;15
2018-09;teeth;look;feel;13
2018-09;loss;look;feel;12
2018-10;amato;michael;kang;83
2018-10;bone;grafts;tooth;83
2018-10;tooth;extractions;danbury;83
2018-10;grafts;tooth;extractions;83
2018-10;improve;bone;grafts;83
2018-10;kang;improve;bone;83
2018-10;michael;kang;improve;83
2018-10;richard;amato;michael;83
2018-10;extractions;danbury;richard;72
2018-10;danbury;richard;amato;72
2018-11;like;natural;teeth;32
2018-11;added;video;playlist;30
2018-11;replace;missing;teeth;28
2018-11;specifically;designed;people;25
2018-11;designed;people;need;25
2018-11;people;need;full;25
2018-11;loss;saved;smiles;24
2018-11;tooth;loss;saved;24
2018-11;saved;smiles;clearwater;24
2018-11;need;full;specifically;23
2018-12;candidate;psychreg;candidate;68
2018-12;psychreg;candidate;psychreg;67
2018-12;added;video;playlist;29
2018-12;like;natural;teeth;28
2018-12;proper;care;last;18
2018-12;benefits;going;longevity;18
2018-12;going;longevity;proper;18
2018-12;longevity;proper;care;18
2018-12;feel;like;natural;17
2018-12;last;benefits;going;13
