2016-07;modules;patients;module;12
2016-07;days;october;module;12
2016-07;module;days;october;12
2016-07;training;modules;patients;12
2016-07;patients;module;days;12
2016-07;register;training;modules;12
2016-07;global;nanotechnology;market;8
2016-07;expected;grow;cagr;8
2016-07;internal;free;surgical;8
2016-07;nanotechnology;market;expected;8
2016-08;receives;prestigious;certificate;224
2016-08;prestigious;certificate;training;224
2016-08;agravat;receives;prestigious;224
2016-08;bharat;agravat;receives;224
2016-08;training;bharat;agravat;214
2016-08;certificate;training;bharat;214
2016-08;model;teeth;study;13
2016-08;demonstration;model;teeth;10
2016-08;transfer;close;tray;9
2016-08;internal;free;surgical;9
2016-09;grand;view;research;242
2016-09;view;research;market;236
2016-09;demand;tooth;teeth;234
2016-09;tooth;teeth;replacement;234
2016-09;enhanced;demand;tooth;233
2016-09;market;witness;enhanced;233
2016-09;witness;enhanced;demand;233
2016-09;teeth;replacement;till;231
2016-09;till;grand;view;230
2016-09;replacement;till;grand;230
2016-10;important;effect;success;17
2016-10;effect;success;research;17
2016-10;success;research;shows;17
2016-10;certain;medications;important;17
2016-10;medications;important;effect;17
2016-10;open;continuum;module;15
2016-10;registration;open;continuum;15
2016-10;continuum;module;comprehensive;15
2016-10;comprehensive;university;mesquite;15
2016-10;module;comprehensive;university;15
2016-11;leading;implantologist;bharat;191
2016-11;share;training;advanced;191
2016-11;learns;share;training;191
2016-11;bharat;agravat;learns;191
2016-11;agravat;learns;share;191
2016-11;implantologist;bharat;agravat;191
2016-11;advanced;leading;implantologist;189
2016-11;training;advanced;leading;189
2016-11;based;rising;number;185
2016-11;number;injuries;owing;185
2016-12;type;geography;scope;271
2016-12;market;type;geography;271
2016-12;geography;scope;summary;271
2016-12;scope;summary;forecast;270
2016-12;summary;forecast;market;263
2016-12;forecast;market;type;263
2016-12;global;prosthetics;market;19
2016-12;smile;future;smile;18
2016-12;future;smile;future;18
2016-12;countries;book;appointment;16
2017-01;data;sourced;databases;263
2017-01;market;based;data;263
2017-01;sourced;databases;secondary;263
2017-01;based;data;sourced;263
2017-01;databases;secondary;primary;262
2017-01;primary;research;industry;261
2017-01;secondary;primary;research;261
2017-01;industry;market;based;259
2017-01;research;industry;market;259
2017-01;agravat;clinic;ahmedabad;238
2017-02;market;surpass;million;148
2017-02;global;market;surpass;148
2017-02;surpass;million;global;142
2017-02;million;global;market;142
2017-02;agravat;clinic;ahmedabad;52
2017-02;ahmedabad;gujarat;india;51
2017-02;clinic;ahmedabad;gujarat;51
2017-02;gujarat;india;agravat;40
2017-02;india;agravat;clinic;40
2017-02;dentistry;cosmetic;dentist;15
2017-03;market;research;report;243
2017-03;global;market;analysis;237
2017-03;forecast;market;research;236
2017-03;share;trends;forecast;236
2017-03;trends;forecast;market;236
2017-03;market;analysis;share;236
2017-03;analysis;share;trends;236
2017-03;report;global;market;234
2017-03;research;report;global;232
2017-03;printed;replicate;tooth;51
2017-04;diego;diego;kite;182
2017-04;kite;club;business;182
2017-04;diego;kite;club;182
2017-04;club;business;directory;182
2017-04;business;directory;diego;181
2017-04;directory;diego;diego;181
2017-04;drivers;trends;demand;61
2017-04;opportunities;growth;drivers;61
2017-04;market;opportunities;growth;61
2017-04;trends;demand;share;61
2017-05;market;research;report;38
2017-05;chosen;upcoming;book;36
2017-05;stephen;deloach;tooth;36
2017-05;expert;chosen;upcoming;36
2017-05;deloach;tooth;restoration;36
2017-05;tooth;restoration;expert;36
2017-05;restoration;expert;chosen;36
2017-05;market;expected;grow;35
2017-05;upcoming;book;stephen;33
2017-05;book;stephen;deloach;33
2017-06;market;expected;reach;311
2017-06;expected;reach;credence;167
2017-06;reach;credence;research;167
2017-06;global;market;expected;167
2017-06;credence;research;global;154
2017-06;research;global;market;154
2017-06;expected;reach;million;143
2017-06;reach;million;market;140
2017-06;million;market;expected;140
2017-06;global;surgery;tools;42
2017-07;teeth;replacement;till;148
2017-07;driven;increasing;demand;148
2017-07;increasing;demand;tooth;148
2017-07;market;driven;increasing;148
2017-07;till;grand;view;148
2017-07;demand;tooth;teeth;148
2017-07;replacement;till;grand;148
2017-07;tooth;teeth;replacement;148
2017-07;grand;view;market;145
2017-07;view;market;driven;145
2017-08;related;research;holtzclaw;34
2017-08;research;holtzclaw;achieves;34
2017-08;corporate;lakes;education;33
2017-08;education;center;october;33
2017-08;offered;corporate;lakes;33
2017-08;course;offered;corporate;33
2017-08;lakes;education;center;33
2017-08;holtzclaw;achieves;citations;33
2017-08;achieves;citations;literature;33
2017-08;citations;literature;related;29
2017-09;chinese;robot;performed;533
2017-09;robot;performed;first;514
2017-09;performed;first;automated;514
2017-09;automated;chinese;robot;460
2017-09;first;automated;chinese;416
2017-09;first;autonomous;robot;271
2017-09;world;first;autonomous;268
2017-09;autonomous;robot;china;261
2017-09;china;world;first;148
2017-09;robot;china;world;146
2017-10;first;autonomous;robot;33
2017-10;lesson;learn;came;30
2017-10;short;history;lesson;30
2017-10;check;short;history;30
2017-10;history;lesson;learn;30
2017-10;course;running;november;29
2017-10;running;november;hale;29
2017-10;autonomous;robot;china;29
2017-10;november;hale;book;29
2017-10;nursing;course;running;29
2017-11;segmentation;regions;production;215
2017-11;regions;production;consumption;215
2017-11;market;segmentation;regions;215
2017-11;nanotechnology;market;segmentation;215
2017-11;market;legendary;players;211
2017-11;forecasted;revenue;shares;211
2017-11;shares;demand;growth;211
2017-11;production;consumption;revenue;211
2017-11;demand;growth;rate;211
2017-11;legendary;players;forecasted;211
2017-12;short;history;lesson;67
2017-12;check;short;history;67
2017-12;history;lesson;learn;67
2017-12;lesson;learn;came;67
2017-12;came;check;short;42
2017-12;learn;came;check;42
2017-12;tooth;celebrating;fang;12
2017-12;know;fluffyfursday;tooth;12
2017-12;fluffyfursday;tooth;celebrating;12
2017-12;celebrating;fang;fursday;12
2018-01;nano;surface;market;154
2018-01;global;nano;surface;154
2018-01;market;size;segments;152
2018-01;surface;market;industry;152
2018-01;market;industry;trends;152
2018-01;trends;market;size;152
2018-01;industry;trends;market;152
2018-01;size;segments;growth;152
2018-01;segments;growth;prospects;151
2018-01;growth;prospects;global;149
2018-02;downtown;portland;interviewed;101
2018-02;pearl;district;downtown;101
2018-02;portland;interviewed;solutions;101
2018-02;cosmetic;dentist;pearl;101
2018-02;leading;german;manufacturer;101
2018-02;german;manufacturer;bredent;101
2018-02;district;downtown;portland;101
2018-02;dentist;pearl;district;101
2018-02;manufacturer;bredent;purchased;100
2018-02;solutions;cosmetic;dentist;98
2018-03;interview;cosmetic;dentist;459
2018-03;market;projected;witness;167
2018-03;projected;witness;significant;167
2018-03;witness;significant;growth;167
2018-03;significant;growth;radiant;165
2018-03;growth;radiant;insights;165
2018-03;radiant;insights;market;160
2018-03;insights;market;projected;160
2018-03;beach;boynton;beach;96
2018-03;delray;beach;boynton;96
2018-04;interview;cosmetic;dentist;375
2018-04;talks;interview;cosmetic;375
2018-04;market;enjoy;explosive;170
2018-04;enjoy;explosive;growth;170
2018-04;anticipated;register;healthy;168
2018-04;around;grand;view;168
2018-04;grand;view;resea;168
2018-04;cagr;around;grand;168
2018-04;healthy;cagr;around;168
2018-04;register;healthy;cagr;168
2018-05;diego;encinitas;talks;87
2018-05;dentist;diego;encinitas;87
2018-05;encinitas;talks;interview;87
2018-05;interview;dentist;diego;84
2018-05;talks;interview;dentist;84
2018-05;specific;members;team;2
2018-05;adia;certification;programs;2
2018-05;global;prosthesis;market;2
2018-05;full;programs;dedicated;2
2018-05;forecast;penetration;rate;2
2018-07;market;growing;technical;111
2018-07;growing;technical;advancement;111
2018-07;advancement;industry;project;111
2018-07;industry;project;cagr;111
2018-07;technical;advancement;industry;111
2018-07;cagr;market;growing;108
2018-07;project;cagr;market;108
2018-07;advantages;book;appointment;3
2018-07;mount;prospect;great;3
2018-07;prospect;great;smile;3
2018-08;parramatta;many;considerations;5
2018-08;many;considerations;world;5
2018-08;considerations;world;bloggers;5
2018-08;bloggers;parramatta;many;4
2018-08;world;bloggers;parramatta;4
2018-08;moderndaypiratecomplaints;expensive;moderndaypiratecomplaints;4
2018-08;market;worth;billion;4
2018-08;expensive;moderndaypiratecomplaints;expensive;4
2018-08;course;well;worth;3
2018-08;hitesh;gohil;hons;3
2018-09;types;size;demand;105
2018-09;product;types;size;105
2018-09;manufacturer;detail;product;105
2018-09;detail;product;types;105
2018-09;prosthetics;market;manufacturer;105
2018-09;market;manufacturer;detail;105
2018-09;demand;prosthetics;market;100
2018-09;size;demand;prosthetics;100
2018-09;world;orthodontics;congress;10
2018-09;exceed;billion;europe;9
2018-10;market;expected;reach;109
2018-10;major;manufacturers;technology;94
2018-10;global;market;analysis;94
2018-10;technology;trends;growth;94
2018-10;manufacturers;technology;trends;94
2018-10;market;analysis;major;94
2018-10;trends;growth;insights;94
2018-10;analysis;major;manufacturers;94
2018-10;market;expected;witness;87
2018-10;highest;growth;according;87
2018-11;forecast;made;available;47
2018-11;made;available;research;47
2018-11;available;research;firm;47
2018-11;market;analysis;forecast;47
2018-11;analysis;forecast;made;47
2018-11;titanium;market;analysis;47
2018-11;market;surge;cagr;33
2018-11;research;firm;market;30
2018-11;firm;market;surge;30
2018-11;global;cylindrical;research;24
2018-12;outlook;report;updated;48
2018-12;report;updated;prices;48
2018-12;market;outlook;report;28
2018-12;procedures;outlook;report;20
2018-12;types;work;carried;5
2018-12;work;carried;street;5
2018-12;street;lane;clinic;5
2018-12;demand;rock;springs;5
2018-12;examples;different;types;5
2018-12;different;types;work;5
